statefips,countyfips,target
-2.062177547415076,-1.352535328459298,2.43
-2.062177547415076,-1.2193537170080113,3.59
-2.062177547415076,-1.0674650362910902,2.77
-2.062177547415076,-0.3423344173409759,3.86
-2.062177547415076,-0.1771404848644272,2.5
-2.062177547415076,-0.059414358981038536,2.34
-2.062177547415076,-0.03163656552954783,3.56
-2.062177547415076,0.21749091473797064,2.69
-2.062177547415076,0.3264792622151697,2.12
-2.062177547415076,0.3778843114723592,2.26
-2.062177547415076,0.427456369249063,2.62
-2.062177547415076,0.5397755990380726,2.57
-2.062177547415076,0.6100502003282153,2.55
-2.062177547415076,0.7723046428848181,2.98
-2.062177547415076,0.8325877102119168,4.65
-2.062177547415076,0.8762861513594311,2.9
-2.062177547415076,0.9187786377547764,3.03
-2.062177547415076,0.9871171316228666,3.26
-2.062177547415076,1.0202021045726761,3.28
-2.062177547415076,1.0397259277535735,3.97
-2.062177547415076,1.084371108515233,2.4
-2.062177547415076,1.1031298227004578,2.77
-2.062177547415076,1.2344297266750641,2.49
-2.062177547415076,1.2908045479858443,2.15
-2.062177547415076,1.3453319145176315,3.11
-2.062177547415076,1.4544023890800324,3.1
-2.062177547415076,1.5234318688651736,2.08
-2.062177547415076,1.5569406992942418,2.32
-2.062177547415076,1.5944645358803533,2.81
-2.175910438129694,-2.4041020414735232,2.68
-2.175910438129694,-2.082276702982297,2.6
-2.175910438129694,-1.86874298697019,2.61
-2.175910438129694,-1.704660426620146,2.95
-2.175910438129694,-1.5696752228679625,2.74
-2.175910438129694,-1.454108971920245,2.73
-2.175910438129694,-1.352535328459298,2.49
-2.175910438129694,-1.2615814172353588,2.52
-2.175910438129694,-1.1789959480865158,2.44
-2.175910438129694,-1.1031954733446314,2.28
-2.175910438129694,-1.0330205937810208,2.68
-2.175910438129694,-0.9675949095089756,2.37
-2.175910438129694,-0.9062385567533586,2.57
-2.175910438129694,-0.8484126810366042,2.45
-2.175910438129694,-0.7936823851984369,2.57
-2.175910438129694,-0.7416911983902218,2.62
-2.175910438129694,-0.6921429962693284,2.43
-2.175910438129694,-0.6447888926618692,2.48
-2.175910438129694,-0.5994175387152672,2.42
-2.175910438129694,-0.5558478131536311,2.49
-2.175910438129694,-0.5139232255614766,2.56
-2.175910438129694,-0.4735075697184635,2.55
-2.175910438129694,-0.4344815042830214,2.56
-2.175910438129694,-0.3967398316991988,2.53
-2.175910438129694,-0.36018930990811704,2.81
-2.175910438129694,-0.3247468756213473,2.65
-2.175910438129694,-0.290338189061288,2.6
-2.175910438129694,-0.2568964323718745,2.56
-2.175910438129694,-0.2243613100898303,2.36
-2.175910438129694,-0.19267821196853815,2.62
-2.175910438129694,-0.1617975073017256,2.47
-2.175910438129694,-0.13167394655485581,2.7
-2.175910438129694,-0.10226615117333404,2.53
-2.175910438129694,-0.07353617631883969,2.47
-2.175910438129694,-0.045449134289415924,2.62
-2.175910438129694,-0.017972868723021947,2.56
-2.175910438129694,0.008922328472556626,2.47
-2.175910438129694,0.035263964060709425,2.27
-2.175910438129694,0.061077559721026665,2.35
-2.175910438129694,0.08638684209709599,2.46
-2.175910438129694,0.11121391039132836,2.54
-2.175910438129694,0.13557938463830435,2.64
-2.175910438129694,0.15950253728775815,2.49
-2.175910438129694,0.1830014103175806,2.24
-2.175910438129694,0.20609291975843996,2.46
-2.175910438129694,0.2287929492308504,2.42
-2.175910438129694,0.2511164338617944,2.34
-2.175910438129694,0.2730774357526321,2.72
-2.175910438129694,0.29468921200603754,2.62
-2.175910438129694,0.3159642761815078,2.62
-2.175910438129694,0.3369144539321443,2.47
-2.175910438129694,0.3575509334761915,2.55
-2.175910438129694,0.3778843114723592,2.7
-2.175910438129694,0.3979246347957856,2.51
-2.175910438129694,0.41768143864960566,2.44
-2.175910438129694,0.437163781393963,2.49
-2.175910438129694,0.45638027642838047,2.59
-2.175910438129694,0.4753391214238404,2.62
-2.175910438129694,0.4940481251664976,2.66
-2.175910438129694,0.5125147322451269,2.61
-2.175910438129694,0.5307460457883441,2.49
-2.175910438129694,0.5487488484349535,2.48
-2.175910438129694,0.5665296217008319,2.75
-2.175910438129694,0.5840945638883439,2.54
-2.175910438129694,0.6014496066689001,2.75
-2.175910438129694,0.6186004304557555,2.86
-2.175910438129694,0.6355524786722138,2.53
-1.7669194596077828,-2.4041020414735232,2.39
-1.7669194596077828,-2.082276702982297,2.52
-1.7669194596077828,-1.86874298697019,2.23
-1.7669194596077828,-1.704660426620146,2.75
-1.7669194596077828,-1.5696752228679625,2.45
-1.7669194596077828,-1.454108971920245,2.39
-1.7669194596077828,-1.352535328459298,2.4
-1.7669194596077828,-1.2615814172353588,2.49
-1.7669194596077828,-1.1789959480865158,2.36
-1.7669194596077828,-1.1031954733446314,2.28
-1.7669194596077828,-1.0330205937810208,2.31
-1.7669194596077828,-0.9675949095089756,2.5
-1.7669194596077828,-0.9062385567533586,2.53
-1.7669194596077828,-0.8484126810366042,2.37
-1.7669194596077828,-0.7936823851984369,2.49
-1.7669194596077828,-0.7416911983902218,2.52
-1.7669194596077828,-0.6921429962693284,2.58
-1.7669194596077828,-0.6447888926618692,2.67
-1.7669194596077828,-0.5994175387152672,2.49
-1.7669194596077828,-0.5558478131536311,2.26
-1.7669194596077828,-0.5139232255614766,2.33
-1.7669194596077828,-0.4735075697184635,2.43
-1.7669194596077828,-0.4344815042830214,2.65
-1.7669194596077828,-0.3967398316991988,2.58
-1.7669194596077828,-0.36018930990811704,2.27
-1.7669194596077828,-0.3247468756213473,2.35
-1.7669194596077828,-0.290338189061288,2.61
-1.7669194596077828,-0.2568964323718745,2.56
-1.7669194596077828,-0.2243613100898303,2.81
-1.7669194596077828,-0.19267821196853815,2.59
-1.7669194596077828,-0.1617975073017256,2.65
-1.7669194596077828,-0.13167394655485581,2.52
-1.7669194596077828,-0.10226615117333404,2.28
-1.7669194596077828,-0.07353617631883969,2.25
-1.7669194596077828,-0.045449134289415924,2.41
-1.7669194596077828,-0.017972868723021947,2.5
-1.7669194596077828,0.008922328472556626,2.52
-1.7669194596077828,0.035263964060709425,2.45
-1.7669194596077828,0.061077559721026665,2.34
-1.7669194596077828,0.08638684209709599,2.43
-1.7669194596077828,0.11121391039132836,2.39
-1.7669194596077828,0.13557938463830435,2.48
-1.7669194596077828,0.15950253728775815,2.7
-1.7669194596077828,0.1830014103175806,2.46
-1.7669194596077828,0.20609291975843996,2.43
-1.7669194596077828,0.2287929492308504,2.5
-1.7669194596077828,0.2511164338617944,2.57
-1.7669194596077828,0.2730774357526321,2.27
-1.7669194596077828,0.29468921200603754,2.33
-1.7669194596077828,0.3159642761815078,2.48
-1.7669194596077828,0.3369144539321443,2.42
-1.7669194596077828,0.3575509334761915,2.34
-1.7669194596077828,0.3778843114723592,2.62
-1.7669194596077828,0.3979246347957856,2.48
-1.7669194596077828,0.41768143864960566,2.5
-1.7669194596077828,0.437163781393963,2.57
-1.7669194596077828,0.45638027642838047,2.56
-1.7669194596077828,0.4753391214238404,2.62
-1.7669194596077828,0.4940481251664976,2.16
-1.7669194596077828,0.5125147322451269,2.49
-1.7669194596077828,0.5307460457883441,2.36
-1.7669194596077828,0.5487488484349535,2.51
-1.7669194596077828,0.5665296217008319,2.66
-1.7669194596077828,0.5840945638883439,2.66
-1.7669194596077828,0.6014496066689001,2.48
-1.7669194596077828,0.6186004304557555,2.53
-1.7669194596077828,0.6355524786722138,2.81
-1.7669194596077828,0.6523109710098142,2.37
-1.7669194596077828,0.6688809157617327,2.4
-1.7669194596077828,0.6852671213083008,2.43
-1.7669194596077828,0.7014742068241603,2.44
-1.7669194596077828,0.7175066122699557,2.55
-1.7669194596077828,0.7333686077256167,2.55
-1.7669194596077828,0.7490643021169818,2.36
-1.7669194596077828,0.7645976513828384,2.8
-1.8599429786351462,-2.4041020414735232,3.67
-1.8599429786351462,-2.082276702982297,2.42
-1.8599429786351462,-1.86874298697019,2.7
-1.8599429786351462,-1.704660426620146,2.5
-1.8599429786351462,-1.5696752228679625,3.02
-1.8599429786351462,-1.454108971920245,2.78
-1.8599429786351462,-1.401817716934122,2.14
-1.8599429786351462,-1.352535328459298,2.75
-1.8599429786351462,-1.2615814172353588,2.43
-1.8599429786351462,-1.1789959480865158,3.08
-1.8599429786351462,-1.1031954733446314,2.49
-1.8599429786351462,-1.0330205937810208,2.87
-1.8599429786351462,-0.9675949095089756,3.04
-1.8599429786351462,-0.9062385567533586,2.3
-1.8599429786351462,-0.8484126810366042,2.77
-1.677753278054193,-2.4041020414735232,2.78
-1.677753278054193,-2.082276702982297,3.06
-1.677753278054193,-1.86874298697019,2.36
-1.677753278054193,-1.704660426620146,2.55
-1.677753278054193,-1.5696752228679625,2.45
-1.677753278054193,-1.454108971920245,3.04
-1.677753278054193,-1.352535328459298,2.82
-1.677753278054193,-1.2615814172353588,2.55
-1.677753278054193,-1.1789959480865158,2.69
-1.677753278054193,-1.1031954733446314,3.17
-1.677753278054193,-1.0330205937810208,2.92
-1.677753278054193,-0.9675949095089756,2.47
-1.677753278054193,-0.9062385567533586,3.61
-1.677753278054193,-0.8484126810366042,2.23
-1.677753278054193,-0.7936823851984369,3.21
-1.677753278054193,-0.7416911983902218,3.19
-1.677753278054193,-0.6921429962693284,2.34
-1.677753278054193,-0.6447888926618692,2.24
-1.677753278054193,-0.5994175387152672,3.02
-1.677753278054193,-0.5558478131536311,3.35
-1.677753278054193,-0.5139232255614766,2.41
-1.677753278054193,-0.4735075697184635,2.29
-1.677753278054193,-0.4344815042830214,2.51
-1.677753278054193,-0.3967398316991988,3.32
-1.677753278054193,-0.36018930990811704,2.32
-1.677753278054193,-0.3247468756213473,2.82
-1.677753278054193,-0.290338189061288,3.26
-1.677753278054193,-0.2568964323718745,2.74
-1.677753278054193,-0.2243613100898303,2.38
-1.677753278054193,-0.19267821196853815,3.04
-1.677753278054193,-0.1617975073017256,2.67
-1.677753278054193,-0.13167394655485581,2.26
-1.677753278054193,-0.10226615117333404,3.24
-1.677753278054193,-0.07353617631883969,2.76
-1.677753278054193,-0.045449134289415924,3.33
-1.677753278054193,-0.017972868723021947,3.33
-1.677753278054193,0.008922328472556626,2.86
-1.677753278054193,0.035263964060709425,2.32
-1.677753278054193,0.061077559721026665,3.16
-1.677753278054193,0.08638684209709599,2.51
-1.677753278054193,0.11121391039132836,2.85
-1.677753278054193,0.13557938463830435,2.92
-1.677753278054193,0.15950253728775815,2.95
-1.677753278054193,0.1830014103175806,2.72
-1.677753278054193,0.20609291975843996,2.54
-1.677753278054193,0.2287929492308504,2.38
-1.677753278054193,0.2511164338617944,2.26
-1.677753278054193,0.2730774357526321,2.89
-1.677753278054193,0.29468921200603754,2.59
-1.677753278054193,0.3159642761815078,3.08
-1.677753278054193,0.3369144539321443,2.95
-1.677753278054193,0.3575509334761915,2.63
-1.677753278054193,0.3778843114723592,2.38
-1.677753278054193,0.3979246347957856,3.36
-1.677753278054193,0.41768143864960566,2.28
-1.677753278054193,0.437163781393963,3.08
-1.677753278054193,0.45638027642838047,2.77
-1.677753278054193,0.4753391214238404,2.87
-1.5084518991698619,-2.4041020414735232,2.98
-1.5084518991698619,-2.082276702982297,2.56
-1.5084518991698619,-1.86874298697019,2.63
-1.5084518991698619,-1.704660426620146,2.25
-1.5084518991698619,-1.5696752228679625,2.3
-1.5084518991698619,-1.454108971920245,2.19
-1.5084518991698619,-1.352535328459298,2.45
-1.5084518991698619,-1.3058911632407655,2.57
-1.5084518991698619,-1.2615814172353588,2.21
-1.5084518991698619,-1.1789959480865158,2.63
-1.5084518991698619,-1.1031954733446314,2.13
-1.5084518991698619,-1.0330205937810208,2.78
-1.5084518991698619,-0.9675949095089756,2.46
-1.5084518991698619,-0.9062385567533586,3.78
-1.5084518991698619,-0.8484126810366042,2.15
-1.5084518991698619,-0.7936823851984369,2.41
-1.5084518991698619,-0.7416911983902218,2.3
-1.5084518991698619,-0.6921429962693284,2.64
-1.5084518991698619,-0.6447888926618692,2.76
-1.5084518991698619,-0.5994175387152672,2.94
-1.5084518991698619,-0.5558478131536311,2.82
-1.5084518991698619,-0.5139232255614766,2.6
-1.5084518991698619,-0.4735075697184635,2.21
-1.5084518991698619,-0.4344815042830214,2.72
-1.5084518991698619,-0.3967398316991988,2.14
-1.5084518991698619,-0.36018930990811704,2.69
-1.5084518991698619,-0.3247468756213473,2.34
-1.5084518991698619,-0.290338189061288,2.18
-1.5084518991698619,-0.2568964323718745,2.08
-1.5084518991698619,-0.2243613100898303,2.15
-1.5084518991698619,-0.19267821196853815,2.44
-1.5084518991698619,-0.1617975073017256,2.45
-1.5084518991698619,-0.13167394655485581,2.35
-1.5084518991698619,-0.10226615117333404,2.38
-1.5084518991698619,-0.07353617631883969,2.38
-1.5084518991698619,-0.045449134289415924,2.47
-1.5084518991698619,-0.017972868723021947,2.36
-1.5084518991698619,0.008922328472556626,2.24
-1.5084518991698619,0.035263964060709425,2.61
-1.5084518991698619,0.061077559721026665,2.43
-1.5084518991698619,0.08638684209709599,1.91
-1.5084518991698619,0.11121391039132836,2.6
-1.5084518991698619,0.13557938463830435,2.44
-1.5084518991698619,0.15950253728775815,2.4
-1.5084518991698619,0.1830014103175806,2.67
-1.5084518991698619,0.20609291975843996,2.42
-1.5084518991698619,0.2287929492308504,2.31
-1.5084518991698619,0.2511164338617944,2.2
-1.5084518991698619,0.2730774357526321,2.52
-1.5084518991698619,0.29468921200603754,2.28
-1.5084518991698619,0.3159642761815078,2.44
-1.5084518991698619,0.3369144539321443,2.49
-1.5084518991698619,0.3575509334761915,2.48
-1.5084518991698619,0.3778843114723592,2.49
-1.5084518991698619,0.3979246347957856,2.46
-1.5084518991698619,0.41768143864960566,2.39
-1.5084518991698619,0.437163781393963,2.15
-1.5084518991698619,0.45638027642838047,2.31
-1.5084518991698619,0.4753391214238404,2.44
-1.5084518991698619,0.4940481251664976,2.82
-1.5084518991698619,0.5125147322451269,2.42
-1.5084518991698619,0.5307460457883441,2.3
-1.5084518991698619,0.5487488484349535,2.8
-1.5084518991698619,0.5665296217008319,2.6
-1.427454894197287,-2.4041020414735232,2.76
-1.427454894197287,-2.082276702982297,2.51
-1.427454894197287,-1.86874298697019,2.46
-1.427454894197287,-1.704660426620146,2.4
-1.427454894197287,-1.5696752228679625,2.56
-1.427454894197287,-1.454108971920245,2.45
-1.427454894197287,-1.352535328459298,2.49
-1.427454894197287,-1.2615814172353588,2.53
-1.2713085506216641,-2.4041020414735232,2.22
-1.348483344852214,-2.4041020414735232,2.71
-1.348483344852214,-2.082276702982297,2.63
-1.348483344852214,-1.86874298697019,2.52
-1.195744450358931,-2.4041020414735232,2.46
-1.195744450358931,-2.082276702982297,3.0
-1.195744450358931,-1.86874298697019,2.54
-1.195744450358931,-1.704660426620146,2.72
-1.195744450358931,-1.5696752228679625,2.46
-1.195744450358931,-1.454108971920245,2.73
-1.195744450358931,-1.352535328459298,2.64
-1.195744450358931,-1.2615814172353588,2.26
-1.195744450358931,-1.1789959480865158,2.25
-1.195744450358931,-1.1031954733446314,2.84
-1.195744450358931,-1.0330205937810208,2.59
-1.195744450358931,-0.9675949095089756,2.66
-1.195744450358931,-0.8484126810366042,2.78
-1.195744450358931,-0.7936823851984369,2.41
-1.195744450358931,-0.7416911983902218,2.58
-1.195744450358931,-0.6921429962693284,2.53
-1.195744450358931,-0.6447888926618692,2.71
-1.195744450358931,-0.5994175387152672,2.24
-1.195744450358931,-0.5558478131536311,2.53
-1.195744450358931,-0.5139232255614766,2.54
-1.195744450358931,-0.4735075697184635,3.04
-1.195744450358931,-0.4344815042830214,2.52
-1.195744450358931,-0.3967398316991988,2.35
-1.195744450358931,-0.36018930990811704,3.33
-1.195744450358931,-0.3247468756213473,3.18
-1.195744450358931,-0.290338189061288,2.45
-1.195744450358931,-0.2568964323718745,2.39
-1.195744450358931,-0.2243613100898303,2.64
-1.195744450358931,-0.19267821196853815,2.6
-1.195744450358931,-0.1617975073017256,2.44
-1.195744450358931,-0.13167394655485581,2.52
-1.195744450358931,-0.10226615117333404,2.17
-1.195744450358931,-0.07353617631883969,2.81
-1.195744450358931,-0.045449134289415924,2.57
-1.195744450358931,-0.017972868723021947,2.59
-1.195744450358931,0.008922328472556626,2.43
-1.195744450358931,0.035263964060709425,2.53
-1.195744450358931,0.061077559721026665,2.77
-1.195744450358931,0.08638684209709599,2.52
-1.195744450358931,0.11121391039132836,2.52
-1.195744450358931,0.13557938463830435,2.48
-1.195744450358931,0.15950253728775815,2.39
-1.195744450358931,0.17130392626004137,3.08
-1.195744450358931,0.1830014103175806,2.55
-1.195744450358931,0.20609291975843996,2.66
-1.195744450358931,0.2287929492308504,2.5
-1.195744450358931,0.2511164338617944,2.77
-1.195744450358931,0.2730774357526321,2.75
-1.195744450358931,0.29468921200603754,3.23
-1.195744450358931,0.3159642761815078,2.54
-1.195744450358931,0.3369144539321443,2.53
-1.195744450358931,0.3575509334761915,2.27
-1.195744450358931,0.3778843114723592,2.77
-1.195744450358931,0.3979246347957856,2.57
-1.195744450358931,0.41768143864960566,2.62
-1.195744450358931,0.437163781393963,2.64
-1.195744450358931,0.45638027642838047,2.65
-1.195744450358931,0.4753391214238404,2.21
-1.195744450358931,0.4940481251664976,2.85
-1.195744450358931,0.5125147322451269,2.05
-1.195744450358931,0.5307460457883441,2.69
-1.195744450358931,0.5487488484349535,2.44
-1.195744450358931,0.5665296217008319,2.58
-1.195744450358931,0.5840945638883439,2.46
-1.195744450358931,0.6014496066689001,2.57
-1.195744450358931,0.6186004304557555,2.45
-1.195744450358931,0.6355524786722138,2.66
-1.1216370120068144,-2.4041020414735232,2.63
-1.1216370120068144,-2.082276702982297,2.98
-1.1216370120068144,-1.86874298697019,2.71
-1.1216370120068144,-1.704660426620146,2.55
-1.1216370120068144,-1.5696752228679625,2.62
-1.1216370120068144,-1.454108971920245,2.8
-1.1216370120068144,-1.352535328459298,3.05
-1.1216370120068144,-1.2615814172353588,2.81
-1.1216370120068144,-1.1789959480865158,2.68
-1.1216370120068144,-1.1031954733446314,2.71
-1.1216370120068144,-1.0330205937810208,2.59
-1.1216370120068144,-0.9675949095089756,2.71
-1.1216370120068144,-0.9062385567533586,2.79
-1.1216370120068144,-0.8484126810366042,2.37
-1.1216370120068144,-0.7936823851984369,2.89
-1.1216370120068144,-0.7416911983902218,2.54
-1.1216370120068144,-0.6921429962693284,2.81
-1.1216370120068144,-0.6447888926618692,2.7
-1.1216370120068144,-0.5994175387152672,2.13
-1.1216370120068144,-0.5558478131536311,2.68
-1.1216370120068144,-0.4735075697184635,2.75
-1.1216370120068144,-0.4344815042830214,2.72
-1.1216370120068144,-0.3967398316991988,2.71
-1.1216370120068144,-0.36018930990811704,3.32
-1.1216370120068144,-0.3247468756213473,2.55
-1.1216370120068144,-0.290338189061288,3.24
-1.1216370120068144,-0.2568964323718745,2.49
-1.1216370120068144,-0.2243613100898303,2.84
-1.1216370120068144,-0.19267821196853815,2.55
-1.1216370120068144,-0.1617975073017256,2.57
-1.1216370120068144,-0.13167394655485581,2.97
-1.1216370120068144,-0.10226615117333404,2.49
-1.1216370120068144,-0.07353617631883969,2.64
-1.1216370120068144,-0.045449134289415924,2.73
-1.1216370120068144,-0.017972868723021947,2.86
-1.1216370120068144,0.008922328472556626,2.98
-1.1216370120068144,0.035263964060709425,2.74
-1.1216370120068144,0.061077559721026665,2.73
-1.1216370120068144,0.08638684209709599,2.72
-1.1216370120068144,0.11121391039132836,2.64
-1.1216370120068144,0.13557938463830435,2.47
-1.1216370120068144,0.15950253728775815,2.74
-1.1216370120068144,0.1830014103175806,2.46
-1.1216370120068144,0.20609291975843996,2.63
-1.1216370120068144,0.2287929492308504,2.35
-1.1216370120068144,0.2511164338617944,2.52
-1.1216370120068144,0.2730774357526321,2.52
-1.1216370120068144,0.29468921200603754,2.87
-1.1216370120068144,0.3159642761815078,2.62
-1.1216370120068144,0.3369144539321443,2.86
-1.1216370120068144,0.3575509334761915,2.95
-1.1216370120068144,0.3778843114723592,2.49
-1.1216370120068144,0.3979246347957856,2.68
-1.1216370120068144,0.41768143864960566,2.6
-1.1216370120068144,0.437163781393963,2.48
-1.1216370120068144,0.45638027642838047,2.8
-1.1216370120068144,0.4753391214238404,2.64
-1.1216370120068144,0.4940481251664976,3.14
-1.1216370120068144,0.5125147322451269,2.54
-1.1216370120068144,0.5307460457883441,2.5
-1.1216370120068144,0.5487488484349535,2.58
-1.1216370120068144,0.5665296217008319,2.67
-1.1216370120068144,0.5840945638883439,2.49
-1.1216370120068144,0.6014496066689001,2.83
-1.1216370120068144,0.6186004304557555,2.7
-1.1216370120068144,0.6355524786722138,2.4
-1.1216370120068144,0.6523109710098142,3.12
-1.1216370120068144,0.6688809157617327,2.74
-1.1216370120068144,0.6852671213083008,3.0
-1.1216370120068144,0.7014742068241603,2.49
-1.1216370120068144,0.7175066122699557,2.63
-1.1216370120068144,0.7333686077256167,2.79
-1.1216370120068144,0.7490643021169818,2.48
-1.1216370120068144,0.7645976513828384,2.65
-1.1216370120068144,0.7799724661251993,3.0
-1.1216370120068144,0.795192418781857,2.72
-1.1216370120068144,0.810261050356838,2.71
-1.1216370120068144,0.8251817767412929,2.88
-1.1216370120068144,0.8399578946546022,2.61
-1.1216370120068144,0.854592587232954,2.75
-1.1216370120068144,0.8690889292903738,2.61
-1.1216370120068144,0.8834498922751791,2.53
-1.1216370120068144,0.8976783489428971,2.8
-1.1216370120068144,0.9117770777650576,2.76
-1.1216370120068144,0.9257487670917043,2.62
-1.1216370120068144,0.9395960190840656,2.72
-1.1216370120068144,0.9533213534325731,2.65
-1.1216370120068144,0.9669272108742331,2.76
-1.1216370120068144,0.9804159565223062,2.72
-1.1216370120068144,0.9937898830202718,2.23
-1.1216370120068144,1.007051213531184,3.27
-1.1216370120068144,1.0202021045726761,2.78
-1.1216370120068144,1.033244648707185,2.66
-1.1216370120068144,1.0461808770962104,2.61
-1.1216370120068144,1.059012761926854,2.63
-1.1216370120068144,1.0717422187182857,2.62
-1.1216370120068144,1.084371108515233,2.75
-1.1216370120068144,1.096901239975142,2.83
-1.1216370120068144,1.1093343713551664,2.65
-1.1216370120068144,1.1216722124047451,2.42
-1.1216370120068144,1.146068630709014,2.55
-1.1216370120068144,1.1581304007405135,2.68
-1.1216370120068144,1.1701032692006368,2.62
-1.1216370120068144,1.181988728741578,2.76
-1.1216370120068144,1.1937882331581546,2.75
-1.1216370120068144,1.2055031987518119,2.61
-1.1216370120068144,1.2171350056346102,2.92
-1.1216370120068144,1.2286849989763475,2.88
-1.1216370120068144,1.240154490197799,2.63
-1.1216370120068144,1.2515447581128578,2.99
-1.1216370120068144,1.2628570500222107,2.5
-1.1216370120068144,1.274092582760998,2.61
-1.1216370120068144,1.2852525437027942,2.72
-1.1216370120068144,1.296338091722089,2.92
-1.1216370120068144,1.3073503581173185,2.78
-1.1216370120068144,1.318290447496402,2.55
-1.1216370120068144,1.3291594386265875,2.49
-1.1216370120068144,1.3399583852503607,2.29
-1.1216370120068144,1.3506883168690182,2.34
-1.1216370120068144,1.3613502394954493,2.54
-1.1216370120068144,1.371945136377595,2.68
-1.1216370120068144,1.382473968693921,2.91
-1.1216370120068144,1.3929376762222432,2.7
-1.1216370120068144,1.4033371779830917,2.61
-1.1216370120068144,1.4136733728588153,2.62
-1.1216370120068144,1.4239471401894883,2.76
-1.1216370120068144,1.4341593403466875,2.7
-1.1216370120068144,1.444310815286122,2.48
-1.1216370120068144,1.4544023890800324,2.58
-1.1216370120068144,1.4644348684302844,2.43
-1.1216370120068144,1.4744090431629577,2.42
-1.1216370120068144,1.4843256867052577,2.46
-1.1216370120068144,1.494185556545504,2.39
-1.1216370120068144,1.5039893946769058,2.37
-1.1216370120068144,1.5137379280258267,2.68
-1.1216370120068144,1.5234318688651736,2.53
-1.1216370120068144,1.5330719152135417,2.76
-1.1216370120068144,1.5426587512207055,2.5
-1.1216370120068144,1.552193047540004,2.34
-1.1216370120068144,1.561675461688171,2.38
-1.1216370120068144,1.5711066383931092,2.73
-1.1216370120068144,1.5804872099300973,2.63
-1.1216370120068144,1.5898177964468871,2.79
-1.1216370120068144,1.599099006278144,2.54
-1.1216370120068144,1.608331436249631,2.55
-1.1216370120068144,1.617515671972561,2.59
-1.1216370120068144,1.6266522881284764,2.88
-1.1216370120068144,1.6357418487450444,2.39
-1.1216370120068144,1.6447849074630942,2.58
-1.1216370120068144,1.65378200779525,2.64
-1.1216370120068144,1.6627336833764663,2.77
-1.1216370120068144,1.6716404582067685,2.56
-1.1216370120068144,1.6805028468864998,2.16
-1.1216370120068144,1.689321354844347,2.42
-1.1216370120068144,1.6980964785584103,2.96
-1.1216370120068144,1.7068287057705704,2.52
-1.1216370120068144,1.7155185156944066,2.45
-1.1216370120068144,1.7241663792168904,2.8
-1.1216370120068144,1.7327727590940791,2.65
-0.9772938194902119,-2.4041020414735232,2.9
-0.9772938194902119,-2.082276702982297,3.06
-0.9772938194902119,-1.86874298697019,1.37
-0.9772938194902119,-1.704660426620146,3.07
-0.9772938194902119,-1.5696752228679625,2.96
-0.7014940433168526,-2.4041020414735232,2.25
-0.7014940433168526,-2.082276702982297,2.18
-0.7014940433168526,-1.86874298697019,2.26
-0.7014940433168526,-1.704660426620146,2.28
-0.7014940433168526,-1.5696752228679625,2.15
-0.7014940433168526,-1.454108971920245,2.51
-0.7014940433168526,-1.352535328459298,2.42
-0.7014940433168526,-1.2615814172353588,2.37
-0.7014940433168526,-1.1789959480865158,2.45
-0.7014940433168526,-1.1031954733446314,2.5
-0.7014940433168526,-1.0330205937810208,2.55
-0.7014940433168526,-0.9675949095089756,2.37
-0.7014940433168526,-0.9062385567533586,2.19
-0.7014940433168526,-0.8484126810366042,2.36
-0.7014940433168526,-0.7936823851984369,2.18
-0.7014940433168526,-0.7416911983902218,2.37
-0.7014940433168526,-0.6921429962693284,2.17
-0.7014940433168526,-0.6447888926618692,2.14
-0.7014940433168526,-0.5994175387152672,2.27
-0.7014940433168526,-0.5558478131536311,2.43
-0.7014940433168526,-0.5139232255614766,2.27
-0.7014940433168526,-0.4735075697184635,2.3
-0.7014940433168526,-0.4344815042830214,2.36
-0.7014940433168526,-0.3967398316991988,2.64
-0.7014940433168526,-0.36018930990811704,2.69
-0.7014940433168526,-0.3247468756213473,2.73
-0.7014940433168526,-0.290338189061288,2.38
-0.7014940433168526,-0.2568964323718745,2.48
-0.7014940433168526,-0.2243613100898303,2.36
-0.7014940433168526,-0.19267821196853815,2.14
-0.7014940433168526,-0.1617975073017256,2.41
-0.7014940433168526,-0.13167394655485581,2.23
-0.7014940433168526,-0.10226615117333404,2.31
-0.7014940433168526,-0.07353617631883969,2.28
-0.7014940433168526,-0.045449134289415924,2.42
-0.7014940433168526,-0.017972868723021947,2.36
-0.7014940433168526,0.008922328472556626,2.3
-0.7014940433168526,0.035263964060709425,2.37
-0.7014940433168526,0.061077559721026665,2.34
-0.7014940433168526,0.08638684209709599,2.36
-0.7014940433168526,0.11121391039132836,2.33
-0.7014940433168526,0.13557938463830435,2.37
-0.7014940433168526,0.15950253728775815,2.37
-0.7014940433168526,0.1830014103175806,2.43
-0.7014940433168526,0.20609291975843996,2.39
-0.7014940433168526,0.2287929492308504,2.28
-0.7014940433168526,0.2511164338617944,2.24
-0.7014940433168526,0.2730774357526321,2.34
-0.7014940433168526,0.29468921200603754,2.29
-0.7014940433168526,0.3159642761815078,2.41
-0.7014940433168526,0.3369144539321443,2.24
-0.7014940433168526,0.3575509334761915,2.37
-0.7014940433168526,0.3778843114723592,2.34
-0.7014940433168526,0.3979246347957856,2.33
-0.7014940433168526,0.41768143864960566,2.23
-0.7014940433168526,0.437163781393963,2.4
-0.7014940433168526,0.45638027642838047,2.42
-0.7014940433168526,0.4753391214238404,2.58
-0.7014940433168526,0.4940481251664976,2.34
-0.7014940433168526,0.5125147322451269,2.57
-0.7014940433168526,0.5307460457883441,2.48
-0.7014940433168526,0.5487488484349535,2.41
-0.7014940433168526,0.5665296217008319,2.43
-0.7014940433168526,0.5840945638883439,2.6
-0.7014940433168526,0.6014496066689001,2.63
-0.7014940433168526,0.6186004304557555,2.41
-0.7014940433168526,0.6355524786722138,2.19
-0.7014940433168526,0.6523109710098142,2.37
-0.7014940433168526,0.6688809157617327,2.22
-0.7014940433168526,0.6852671213083008,2.59
-0.7014940433168526,0.7014742068241603,2.28
-0.7014940433168526,0.7175066122699557,2.28
-0.7014940433168526,0.7333686077256167,2.34
-0.7014940433168526,0.7490643021169818,2.23
-0.7014940433168526,0.7645976513828384,2.45
-0.7014940433168526,0.7799724661251993,2.18
-0.7014940433168526,0.795192418781857,2.5
-0.7014940433168526,0.810261050356838,2.48
-0.7014940433168526,0.8251817767412929,2.31
-0.7014940433168526,0.8399578946546022,2.4
-0.7014940433168526,0.854592587232954,2.25
-0.7014940433168526,0.8690889292903738,2.46
-0.7014940433168526,0.8834498922751791,2.32
-0.7014940433168526,0.8976783489428971,2.73
-0.7014940433168526,0.9117770777650576,2.35
-0.7014940433168526,0.9257487670917043,2.51
-0.7014940433168526,0.9395960190840656,2.23
-0.7014940433168526,0.9533213534325731,2.3
-0.7014940433168526,0.9669272108742331,2.49
-0.7014940433168526,0.9804159565223062,2.38
-0.7014940433168526,0.9937898830202718,2.54
-0.7014940433168526,1.007051213531184,2.43
-0.7014940433168526,1.0202021045726761,2.41
-0.7014940433168526,1.033244648707185,2.27
-0.7014940433168526,1.0461808770962104,2.2
-0.7014940433168526,1.059012761926854,2.24
-0.7014940433168526,1.0717422187182857,2.58
-0.7014940433168526,1.084371108515233,2.35
-0.7014940433168526,1.096901239975142,2.31
-0.9068532970283876,-2.4041020414735232,2.61
-0.9068532970283876,-2.082276702982297,2.39
-0.9068532970283876,-1.86874298697019,2.67
-0.9068532970283876,-1.704660426620146,2.51
-0.9068532970283876,-1.5696752228679625,2.45
-0.9068532970283876,-1.454108971920245,3.07
-0.9068532970283876,-1.352535328459298,2.35
-0.9068532970283876,-1.2615814172353588,2.29
-0.9068532970283876,-1.1789959480865158,2.36
-0.9068532970283876,-1.1031954733446314,2.9
-0.9068532970283876,-1.0330205937810208,2.55
-0.9068532970283876,-0.9675949095089756,2.59
-0.9068532970283876,-0.9062385567533586,2.42
-0.9068532970283876,-0.8484126810366042,2.98
-0.9068532970283876,-0.7936823851984369,2.57
-0.9068532970283876,-0.7416911983902218,2.96
-0.9068532970283876,-0.6921429962693284,3.22
-0.9068532970283876,-0.6447888926618692,2.05
-0.9068532970283876,-0.5994175387152672,2.33
-0.9068532970283876,-0.5558478131536311,2.6
-0.9068532970283876,-0.5139232255614766,3.03
-0.9068532970283876,-0.4735075697184635,2.75
-0.9068532970283876,-0.4344815042830214,2.63
-0.9068532970283876,-0.3967398316991988,2.84
-0.9068532970283876,-0.36018930990811704,2.38
-0.9068532970283876,-0.3247468756213473,3.3
-0.9068532970283876,-0.290338189061288,2.95
-0.9068532970283876,-0.2568964323718745,2.54
-0.9068532970283876,-0.2243613100898303,2.33
-0.9068532970283876,-0.19267821196853815,2.03
-0.9068532970283876,-0.1617975073017256,2.31
-0.9068532970283876,-0.13167394655485581,3.21
-0.9068532970283876,-0.10226615117333404,3.6
-0.9068532970283876,-0.07353617631883969,2.83
-0.9068532970283876,-0.045449134289415924,2.4
-0.9068532970283876,-0.017972868723021947,2.66
-0.9068532970283876,0.008922328472556626,2.85
-0.9068532970283876,0.035263964060709425,2.77
-0.9068532970283876,0.061077559721026665,2.99
-0.9068532970283876,0.08638684209709599,2.16
-0.9068532970283876,0.11121391039132836,2.85
-0.9068532970283876,0.13557938463830435,2.71
-0.9068532970283876,0.15950253728775815,2.99
-0.9068532970283876,0.1830014103175806,2.59
-0.8374530599105356,-2.4041020414735232,2.44
-0.8374530599105356,-2.082276702982297,2.65
-0.8374530599105356,-1.86874298697019,2.57
-0.8374530599105356,-1.704660426620146,2.95
-0.8374530599105356,-1.5696752228679625,2.43
-0.8374530599105356,-1.454108971920245,2.4
-0.8374530599105356,-1.352535328459298,2.37
-0.8374530599105356,-1.2615814172353588,2.22
-0.8374530599105356,-1.1789959480865158,2.51
-0.8374530599105356,-1.1031954733446314,2.38
-0.8374530599105356,-1.0330205937810208,2.31
-0.8374530599105356,-0.9675949095089756,2.4
-0.8374530599105356,-0.9062385567533586,2.39
-0.8374530599105356,-0.8484126810366042,2.59
-0.8374530599105356,-0.7936823851984369,2.31
-0.8374530599105356,-0.7416911983902218,2.65
-0.8374530599105356,-0.6921429962693284,2.37
-0.8374530599105356,-0.6447888926618692,2.51
-0.8374530599105356,-0.5994175387152672,2.65
-0.8374530599105356,-0.5558478131536311,2.36
-0.8374530599105356,-0.5139232255614766,2.58
-0.8374530599105356,-0.4735075697184635,2.72
-0.8374530599105356,-0.4344815042830214,2.29
-0.8374530599105356,-0.3967398316991988,2.37
-0.8374530599105356,-0.36018930990811704,2.54
-0.8374530599105356,-0.3247468756213473,2.63
-0.8374530599105356,-0.290338189061288,2.39
-0.8374530599105356,-0.2568964323718745,2.41
-0.8374530599105356,-0.2243613100898303,2.37
-0.8374530599105356,-0.19267821196853815,2.23
-0.8374530599105356,-0.1617975073017256,2.43
-0.8374530599105356,-0.13167394655485581,2.7
-0.8374530599105356,-0.10226615117333404,2.36
-0.8374530599105356,-0.07353617631883969,2.35
-0.8374530599105356,-0.045449134289415924,2.49
-0.8374530599105356,-0.017972868723021947,2.26
-0.8374530599105356,0.008922328472556626,2.44
-0.8374530599105356,0.035263964060709425,2.42
-0.8374530599105356,0.061077559721026665,2.36
-0.8374530599105356,0.08638684209709599,2.53
-0.8374530599105356,0.11121391039132836,2.39
-0.8374530599105356,0.13557938463830435,2.45
-0.8374530599105356,0.15950253728775815,2.33
-0.8374530599105356,0.1830014103175806,2.48
-0.8374530599105356,0.20609291975843996,3.01
-0.8374530599105356,0.2287929492308504,2.61
-0.8374530599105356,0.2511164338617944,3.11
-0.8374530599105356,0.2730774357526321,2.25
-0.8374530599105356,0.29468921200603754,2.83
-0.8374530599105356,0.3159642761815078,2.48
-0.8374530599105356,0.3369144539321443,2.22
-0.8374530599105356,0.3575509334761915,2.37
-0.8374530599105356,0.3778843114723592,2.32
-0.8374530599105356,0.3979246347957856,2.17
-0.8374530599105356,0.41768143864960566,2.29
-0.8374530599105356,0.437163781393963,2.79
-0.8374530599105356,0.45638027642838047,2.53
-0.8374530599105356,0.4753391214238404,2.35
-0.8374530599105356,0.4940481251664976,2.42
-0.8374530599105356,0.5125147322451269,2.45
-0.8374530599105356,0.5307460457883441,2.4
-0.8374530599105356,0.5487488484349535,2.38
-0.8374530599105356,0.5665296217008319,2.27
-0.8374530599105356,0.5840945638883439,2.45
-0.8374530599105356,0.6014496066689001,2.42
-0.8374530599105356,0.6186004304557555,2.4
-0.8374530599105356,0.6355524786722138,2.62
-0.8374530599105356,0.6523109710098142,2.17
-0.8374530599105356,0.6688809157617327,2.29
-0.8374530599105356,0.6852671213083008,2.51
-0.8374530599105356,0.7014742068241603,2.5
-0.8374530599105356,0.7175066122699557,2.39
-0.8374530599105356,0.7333686077256167,2.46
-0.8374530599105356,0.7490643021169818,2.47
-0.8374530599105356,0.7645976513828384,2.34
-0.8374530599105356,0.7799724661251993,2.52
-0.8374530599105356,0.795192418781857,2.5
-0.8374530599105356,0.810261050356838,2.37
-0.8374530599105356,0.8251817767412929,2.49
-0.8374530599105356,0.8399578946546022,2.43
-0.8374530599105356,0.854592587232954,2.36
-0.8374530599105356,0.8690889292903738,2.57
-0.8374530599105356,0.8834498922751791,2.43
-0.8374530599105356,0.8976783489428971,2.35
-0.8374530599105356,0.9117770777650576,2.2
-0.8374530599105356,0.9257487670917043,2.42
-0.8374530599105356,0.9395960190840656,2.42
-0.8374530599105356,0.9533213534325731,2.41
-0.8374530599105356,0.9669272108742331,2.37
-0.8374530599105356,0.9804159565223062,2.45
-0.8374530599105356,0.9937898830202718,2.53
-0.8374530599105356,1.007051213531184,2.47
-0.8374530599105356,1.0202021045726761,2.37
-0.8374530599105356,1.033244648707185,2.42
-0.8374530599105356,1.0461808770962104,2.46
-0.8374530599105356,1.059012761926854,2.34
-0.8374530599105356,1.0717422187182857,2.28
-0.8374530599105356,1.084371108515233,2.4
-0.8374530599105356,1.096901239975142,3.02
-0.8374530599105356,1.1093343713551664,2.43
-0.8374530599105356,1.1216722124047451,2.51
-0.8374530599105356,1.1339164261691512,2.65
-0.7690211363413774,-2.4041020414735232,2.8
-0.7690211363413774,-2.082276702982297,2.55
-0.7690211363413774,-1.86874298697019,2.57
-0.7690211363413774,-1.704660426620146,2.52
-0.7690211363413774,-1.5696752228679625,2.35
-0.7690211363413774,-1.454108971920245,2.61
-0.7690211363413774,-1.352535328459298,2.44
-0.7690211363413774,-1.2615814172353588,2.55
-0.7690211363413774,-1.1789959480865158,2.57
-0.7690211363413774,-1.1031954733446314,2.59
-0.7690211363413774,-1.0330205937810208,2.54
-0.7690211363413774,-0.9675949095089756,2.76
-0.7690211363413774,-0.9062385567533586,2.56
-0.7690211363413774,-0.8484126810366042,2.78
-0.7690211363413774,-0.7936823851984369,2.63
-0.7690211363413774,-0.7416911983902218,2.57
-0.7690211363413774,-0.6921429962693284,2.58
-0.7690211363413774,-0.6447888926618692,2.4
-0.7690211363413774,-0.5994175387152672,2.55
-0.7690211363413774,-0.5558478131536311,2.8
-0.7690211363413774,-0.5139232255614766,2.5
-0.7690211363413774,-0.4735075697184635,2.57
-0.7690211363413774,-0.4344815042830214,2.4
-0.7690211363413774,-0.3967398316991988,2.57
-0.7690211363413774,-0.36018930990811704,2.55
-0.7690211363413774,-0.3247468756213473,2.51
-0.7690211363413774,-0.290338189061288,2.39
-0.7690211363413774,-0.2568964323718745,2.54
-0.7690211363413774,-0.2243613100898303,2.73
-0.7690211363413774,-0.19267821196853815,2.68
-0.7690211363413774,-0.1617975073017256,2.67
-0.7690211363413774,-0.13167394655485581,2.76
-0.7690211363413774,-0.10226615117333404,2.54
-0.7690211363413774,-0.07353617631883969,2.37
-0.7690211363413774,-0.045449134289415924,2.44
-0.7690211363413774,-0.017972868723021947,2.57
-0.7690211363413774,0.008922328472556626,2.71
-0.7690211363413774,0.035263964060709425,2.58
-0.7690211363413774,0.061077559721026665,2.37
-0.7690211363413774,0.08638684209709599,2.62
-0.7690211363413774,0.11121391039132836,2.69
-0.7690211363413774,0.13557938463830435,2.4
-0.7690211363413774,0.15950253728775815,2.58
-0.7690211363413774,0.1830014103175806,3.22
-0.7690211363413774,0.20609291975843996,2.65
-0.7690211363413774,0.2287929492308504,2.38
-0.7690211363413774,0.2511164338617944,2.44
-0.7690211363413774,0.2730774357526321,2.41
-0.7690211363413774,0.29468921200603754,2.5
-0.7690211363413774,0.3159642761815078,2.67
-0.7690211363413774,0.3369144539321443,2.42
-0.7690211363413774,0.3575509334761915,2.6
-0.7690211363413774,0.3778843114723592,2.36
-0.7690211363413774,0.3979246347957856,2.52
-0.7690211363413774,0.41768143864960566,2.68
-0.7690211363413774,0.437163781393963,2.56
-0.7690211363413774,0.45638027642838047,2.58
-0.7690211363413774,0.4753391214238404,2.5
-0.7690211363413774,0.4940481251664976,2.54
-0.7690211363413774,0.5125147322451269,2.46
-0.7690211363413774,0.5307460457883441,2.58
-0.7690211363413774,0.5487488484349535,2.42
-0.7690211363413774,0.5665296217008319,2.49
-0.7690211363413774,0.5840945638883439,2.62
-0.7690211363413774,0.6014496066689001,2.51
-0.7690211363413774,0.6186004304557555,2.48
-0.7690211363413774,0.6355524786722138,2.52
-0.7690211363413774,0.6523109710098142,2.39
-0.7690211363413774,0.6688809157617327,2.58
-0.7690211363413774,0.6852671213083008,2.42
-0.7690211363413774,0.7014742068241603,2.5
-0.7690211363413774,0.7175066122699557,2.61
-0.7690211363413774,0.7333686077256167,2.54
-0.7690211363413774,0.7490643021169818,2.58
-0.7690211363413774,0.7645976513828384,2.62
-0.7690211363413774,0.7799724661251993,2.44
-0.7690211363413774,0.795192418781857,2.47
-0.7690211363413774,0.810261050356838,2.55
-0.7690211363413774,0.8251817767412929,2.46
-0.7690211363413774,0.8399578946546022,2.4
-0.7690211363413774,0.854592587232954,2.44
-0.7690211363413774,0.8690889292903738,2.35
-0.7690211363413774,0.8834498922751791,2.39
-0.7690211363413774,0.8976783489428971,2.45
-0.7690211363413774,0.9117770777650576,2.36
-0.7690211363413774,0.9257487670917043,2.5
-0.7690211363413774,0.9395960190840656,2.63
-0.7690211363413774,0.9533213534325731,2.62
-0.7690211363413774,0.9669272108742331,2.4
-0.7690211363413774,0.9804159565223062,2.52
-0.7690211363413774,0.9937898830202718,2.53
-0.7690211363413774,1.007051213531184,2.5
-0.6348154123935108,-2.4041020414735232,2.39
-0.6348154123935108,-2.082276702982297,2.37
-0.6348154123935108,-1.86874298697019,2.53
-0.6348154123935108,-1.704660426620146,2.38
-0.6348154123935108,-1.5696752228679625,2.38
-0.6348154123935108,-1.454108971920245,2.54
-0.6348154123935108,-1.352535328459298,2.38
-0.6348154123935108,-1.2615814172353588,2.63
-0.6348154123935108,-1.1789959480865158,2.34
-0.6348154123935108,-1.1031954733446314,2.21
-0.6348154123935108,-1.0330205937810208,2.59
-0.6348154123935108,-0.9675949095089756,2.09
-0.6348154123935108,-0.9062385567533586,2.25
-0.6348154123935108,-0.8484126810366042,2.45
-0.6348154123935108,-0.7936823851984369,2.24
-0.6348154123935108,-0.7416911983902218,2.33
-0.6348154123935108,-0.6921429962693284,2.48
-0.6348154123935108,-0.6447888926618692,2.48
-0.6348154123935108,-0.5994175387152672,2.49
-0.6348154123935108,-0.5558478131536311,1.91
-0.6348154123935108,-0.5139232255614766,2.45
-0.6348154123935108,-0.4735075697184635,2.32
-0.6348154123935108,-0.4344815042830214,2.43
-0.6348154123935108,-0.3967398316991988,2.27
-0.6348154123935108,-0.36018930990811704,2.1
-0.6348154123935108,-0.3247468756213473,2.35
-0.6348154123935108,-0.290338189061288,2.08
-0.6348154123935108,-0.2568964323718745,2.9
-0.6348154123935108,-0.2243613100898303,3.04
-0.6348154123935108,-0.19267821196853815,2.56
-0.6348154123935108,-0.1617975073017256,2.83
-0.6348154123935108,-0.13167394655485581,2.25
-0.6348154123935108,-0.10226615117333404,2.12
-0.6348154123935108,-0.07353617631883969,2.86
-0.6348154123935108,-0.045449134289415924,2.78
-0.6348154123935108,-0.017972868723021947,2.46
-0.6348154123935108,0.008922328472556626,2.23
-0.6348154123935108,0.035263964060709425,2.59
-0.6348154123935108,0.061077559721026665,2.34
-0.6348154123935108,0.08638684209709599,2.47
-0.6348154123935108,0.11121391039132836,2.93
-0.6348154123935108,0.13557938463830435,2.36
-0.6348154123935108,0.15950253728775815,2.51
-0.6348154123935108,0.1830014103175806,2.47
-0.6348154123935108,0.20609291975843996,2.1
-0.6348154123935108,0.2287929492308504,2.56
-0.6348154123935108,0.2511164338617944,2.81
-0.6348154123935108,0.2730774357526321,2.54
-0.6348154123935108,0.29468921200603754,2.21
-0.6348154123935108,0.3159642761815078,2.44
-0.6348154123935108,0.3369144539321443,2.07
-0.6348154123935108,0.3575509334761915,2.7
-0.6348154123935108,0.3778843114723592,2.31
-0.6348154123935108,0.3979246347957856,2.26
-0.6348154123935108,0.41768143864960566,2.21
-0.6348154123935108,0.437163781393963,2.43
-0.6348154123935108,0.45638027642838047,2.37
-0.6348154123935108,0.4753391214238404,2.4
-0.6348154123935108,0.4940481251664976,2.27
-0.6348154123935108,0.5125147322451269,2.51
-0.6348154123935108,0.5307460457883441,2.55
-0.6348154123935108,0.5487488484349535,2.25
-0.6348154123935108,0.5665296217008319,2.47
-0.6348154123935108,0.5840945638883439,2.36
-0.6348154123935108,0.6014496066689001,2.53
-0.6348154123935108,0.6186004304557555,2.32
-0.6348154123935108,0.6355524786722138,2.47
-0.6348154123935108,0.6523109710098142,2.18
-0.6348154123935108,0.6688809157617327,2.24
-0.6348154123935108,0.6852671213083008,2.44
-0.6348154123935108,0.7014742068241603,2.08
-0.6348154123935108,0.7175066122699557,2.39
-0.6348154123935108,0.7333686077256167,2.32
-0.6348154123935108,0.7490643021169818,2.29
-0.6348154123935108,0.7645976513828384,2.72
-0.6348154123935108,0.7799724661251993,2.39
-0.6348154123935108,0.795192418781857,2.07
-0.6348154123935108,0.810261050356838,2.44
-0.6348154123935108,0.8251817767412929,2.07
-0.6348154123935108,0.8399578946546022,2.42
-0.6348154123935108,0.854592587232954,2.49
-0.6348154123935108,0.8690889292903738,2.28
-0.6348154123935108,0.8834498922751791,2.1
-0.6348154123935108,0.8976783489428971,2.12
-0.6348154123935108,0.9117770777650576,2.42
-0.6348154123935108,0.9257487670917043,2.21
-0.6348154123935108,0.9395960190840656,2.59
-0.6348154123935108,0.9533213534325731,3.05
-0.6348154123935108,0.9669272108742331,2.44
-0.6348154123935108,0.9804159565223062,2.21
-0.6348154123935108,0.9937898830202718,2.14
-0.6348154123935108,1.007051213531184,2.21
-0.6348154123935108,1.0202021045726761,2.35
-0.6348154123935108,1.033244648707185,2.58
-0.6348154123935108,1.0461808770962104,2.84
-0.6348154123935108,1.059012761926854,2.55
-0.6348154123935108,1.0717422187182857,2.39
-0.6348154123935108,1.084371108515233,2.21
-0.6348154123935108,1.096901239975142,2.59
-0.6348154123935108,1.1093343713551664,2.52
-0.6348154123935108,1.1216722124047451,2.27
-0.6348154123935108,1.1339164261691512,2.79
-0.6348154123935108,1.146068630709014,2.37
-0.6348154123935108,1.1581304007405135,2.08
-0.6348154123935108,1.1701032692006368,2.71
-0.5689348926239208,-2.4041020414735232,2.5
-0.5689348926239208,-2.082276702982297,2.59
-0.5689348926239208,-1.86874298697019,2.56
-0.5689348926239208,-1.704660426620146,2.48
-0.5689348926239208,-1.5696752228679625,2.48
-0.5689348926239208,-1.454108971920245,2.76
-0.5689348926239208,-1.352535328459298,2.44
-0.5689348926239208,-1.2615814172353588,2.77
-0.5689348926239208,-1.1789959480865158,2.51
-0.5689348926239208,-1.1031954733446314,2.41
-0.5689348926239208,-1.0330205937810208,2.42
-0.5689348926239208,-0.9675949095089756,2.54
-0.5689348926239208,-0.9062385567533586,2.41
-0.5689348926239208,-0.8484126810366042,2.71
-0.5689348926239208,-0.7936823851984369,2.71
-0.5689348926239208,-0.7416911983902218,2.44
-0.5689348926239208,-0.6921429962693284,2.39
-0.5689348926239208,-0.6447888926618692,2.35
-0.5689348926239208,-0.5994175387152672,2.49
-0.5689348926239208,-0.5558478131536311,2.39
-0.5689348926239208,-0.5139232255614766,2.63
-0.5689348926239208,-0.4735075697184635,2.54
-0.5689348926239208,-0.4344815042830214,2.44
-0.5689348926239208,-0.3967398316991988,2.67
-0.5689348926239208,-0.36018930990811704,2.49
-0.5689348926239208,-0.3247468756213473,2.53
-0.5689348926239208,-0.290338189061288,2.6
-0.5689348926239208,-0.2568964323718745,2.4
-0.5689348926239208,-0.2243613100898303,2.45
-0.5689348926239208,-0.19267821196853815,2.48
-0.5689348926239208,-0.1617975073017256,2.51
-0.5689348926239208,-0.13167394655485581,2.44
-0.5689348926239208,-0.10226615117333404,2.49
-0.5689348926239208,-0.07353617631883969,2.35
-0.5689348926239208,-0.045449134289415924,2.57
-0.5689348926239208,-0.017972868723021947,2.45
-0.5689348926239208,0.008922328472556626,2.28
-0.5689348926239208,0.035263964060709425,2.33
-0.5689348926239208,0.061077559721026665,2.73
-0.5689348926239208,0.08638684209709599,2.55
-0.5689348926239208,0.11121391039132836,2.91
-0.5689348926239208,0.13557938463830435,2.56
-0.5689348926239208,0.15950253728775815,2.6
-0.5689348926239208,0.1830014103175806,2.46
-0.5689348926239208,0.20609291975843996,2.54
-0.5689348926239208,0.2287929492308504,2.62
-0.5689348926239208,0.2511164338617944,2.58
-0.5689348926239208,0.2730774357526321,2.43
-0.5689348926239208,0.29468921200603754,2.57
-0.5689348926239208,0.3159642761815078,2.49
-0.5689348926239208,0.3369144539321443,2.41
-0.5689348926239208,0.3575509334761915,2.57
-0.5689348926239208,0.3778843114723592,2.29
-0.5689348926239208,0.3979246347957856,2.45
-0.5689348926239208,0.41768143864960566,2.39
-0.5689348926239208,0.437163781393963,2.41
-0.5689348926239208,0.45638027642838047,2.65
-0.5689348926239208,0.4753391214238404,2.53
-0.5689348926239208,0.4940481251664976,2.58
-0.5689348926239208,0.5125147322451269,2.57
-0.5689348926239208,0.5307460457883441,2.5
-0.5689348926239208,0.5487488484349535,2.6
-0.5689348926239208,0.5665296217008319,2.54
-0.5689348926239208,0.5840945638883439,2.6
-0.5689348926239208,0.6014496066689001,2.2
-0.5689348926239208,0.6186004304557555,2.59
-0.5689348926239208,0.6355524786722138,2.44
-0.5689348926239208,0.6523109710098142,2.54
-0.5689348926239208,0.6688809157617327,2.48
-0.5689348926239208,0.6852671213083008,2.44
-0.5689348926239208,0.7014742068241603,2.44
-0.5689348926239208,0.7175066122699557,2.19
-0.5689348926239208,0.7333686077256167,2.33
-0.5689348926239208,0.7490643021169818,2.56
-0.5689348926239208,0.7645976513828384,2.5
-0.5689348926239208,0.7799724661251993,2.49
-0.5689348926239208,0.795192418781857,2.57
-0.5689348926239208,0.810261050356838,2.51
-0.5689348926239208,0.8251817767412929,2.43
-0.5689348926239208,0.8399578946546022,2.57
-0.5689348926239208,0.854592587232954,2.52
-0.5689348926239208,0.8690889292903738,2.73
-0.5689348926239208,0.8834498922751791,2.56
-0.5689348926239208,0.8976783489428971,2.4
-0.5689348926239208,0.9117770777650576,2.51
-0.5689348926239208,0.9257487670917043,2.39
-0.5689348926239208,0.9395960190840656,2.61
-0.5689348926239208,0.9533213534325731,2.45
-0.5689348926239208,0.9669272108742331,2.6
-0.5689348926239208,0.9804159565223062,2.62
-0.5689348926239208,0.9937898830202718,2.47
-0.5689348926239208,1.007051213531184,2.7
-0.5689348926239208,1.0202021045726761,2.98
-0.5689348926239208,1.033244648707185,2.59
-0.5689348926239208,1.0461808770962104,2.56
-0.5689348926239208,1.059012761926854,2.67
-0.5689348926239208,1.0717422187182857,2.47
-0.5689348926239208,1.084371108515233,2.38
-0.5689348926239208,1.096901239975142,2.56
-0.5689348926239208,1.1093343713551664,2.45
-0.5689348926239208,1.1216722124047451,2.31
-0.5689348926239208,1.1339164261691512,2.51
-0.5689348926239208,1.146068630709014,2.44
-0.5689348926239208,1.1581304007405135,2.48
-0.5689348926239208,1.1701032692006368,2.65
-0.5689348926239208,1.181988728741578,2.67
-0.5689348926239208,1.1937882331581546,2.56
-0.5689348926239208,1.2055031987518119,2.72
-0.5689348926239208,1.2171350056346102,2.46
-0.5689348926239208,1.2286849989763475,2.7
-0.5689348926239208,1.240154490197799,2.35
-0.5689348926239208,1.2515447581128578,2.46
-0.5689348926239208,1.2628570500222107,2.43
-0.5689348926239208,1.274092582760998,2.48
-0.5689348926239208,1.2852525437027942,2.56
-0.5689348926239208,1.296338091722089,2.57
-0.5689348926239208,1.3073503581173185,2.54
-0.5689348926239208,1.318290447496402,2.6
-0.5689348926239208,1.3291594386265875,2.45
-0.5689348926239208,1.3399583852503607,2.55
-0.5038072647189956,-2.4041020414735232,2.7
-0.5038072647189956,-2.082276702982297,2.66
-0.5038072647189956,-1.86874298697019,2.84
-0.5038072647189956,-1.704660426620146,2.64
-0.5038072647189956,-1.5696752228679625,2.52
-0.5038072647189956,-1.454108971920245,2.69
-0.5038072647189956,-1.352535328459298,2.35
-0.5038072647189956,-1.2615814172353588,2.57
-0.5038072647189956,-1.1789959480865158,2.55
-0.5038072647189956,-1.1031954733446314,2.55
-0.5038072647189956,-1.0330205937810208,2.48
-0.5038072647189956,-0.9675949095089756,2.57
-0.5038072647189956,-0.9062385567533586,2.48
-0.5038072647189956,-0.8484126810366042,2.51
-0.5038072647189956,-0.7936823851984369,2.33
-0.5038072647189956,-0.7416911983902218,2.61
-0.5038072647189956,-0.6921429962693284,2.57
-0.5038072647189956,-0.6447888926618692,2.26
-0.5038072647189956,-0.5994175387152672,2.43
-0.5038072647189956,-0.5558478131536311,2.65
-0.5038072647189956,-0.5139232255614766,2.54
-0.5038072647189956,-0.4735075697184635,2.63
-0.5038072647189956,-0.4344815042830214,2.77
-0.5038072647189956,-0.3967398316991988,2.61
-0.5038072647189956,-0.36018930990811704,2.49
-0.5038072647189956,-0.3247468756213473,2.57
-0.5038072647189956,-0.290338189061288,2.65
-0.5038072647189956,-0.2568964323718745,2.55
-0.5038072647189956,-0.2243613100898303,2.68
-0.5038072647189956,-0.19267821196853815,2.46
-0.5038072647189956,-0.1617975073017256,2.56
-0.5038072647189956,-0.13167394655485581,2.79
-0.5038072647189956,-0.10226615117333404,2.55
-0.5038072647189956,-0.07353617631883969,2.5
-0.5038072647189956,-0.045449134289415924,2.66
-0.5038072647189956,-0.017972868723021947,2.38
-0.5038072647189956,0.008922328472556626,2.55
-0.5038072647189956,0.035263964060709425,2.7
-0.5038072647189956,0.061077559721026665,2.56
-0.5038072647189956,0.08638684209709599,2.68
-0.5038072647189956,0.11121391039132836,2.54
-0.5038072647189956,0.13557938463830435,2.59
-0.5038072647189956,0.15950253728775815,2.6
-0.5038072647189956,0.1830014103175806,2.92
-0.5038072647189956,0.20609291975843996,2.83
-0.5038072647189956,0.2287929492308504,2.59
-0.5038072647189956,0.2511164338617944,2.69
-0.5038072647189956,0.2730774357526321,2.83
-0.5038072647189956,0.29468921200603754,2.68
-0.5038072647189956,0.3159642761815078,2.77
-0.5038072647189956,0.3369144539321443,2.58
-0.5038072647189956,0.3575509334761915,2.7
-0.5038072647189956,0.3778843114723592,2.68
-0.5038072647189956,0.3979246347957856,2.48
-0.5038072647189956,0.41768143864960566,2.78
-0.5038072647189956,0.437163781393963,2.6
-0.5038072647189956,0.45638027642838047,2.69
-0.5038072647189956,0.4753391214238404,2.82
-0.5038072647189956,0.4940481251664976,2.54
-0.5038072647189956,0.5125147322451269,2.51
-0.5038072647189956,0.5307460457883441,2.61
-0.5038072647189956,0.5487488484349535,2.48
-0.5038072647189956,0.5665296217008319,3.04
-0.5038072647189956,0.5840945638883439,2.36
-0.31255220417828655,-2.4041020414735232,2.24
-0.31255220417828655,-2.082276702982297,2.22
-0.31255220417828655,-1.86874298697019,2.53
-0.31255220417828655,-1.704660426620146,2.79
-0.31255220417828655,-1.5696752228679625,2.59
-0.31255220417828655,-1.454108971920245,2.3
-0.31255220417828655,-1.352535328459298,2.57
-0.31255220417828655,-1.2615814172353588,2.36
-0.31255220417828655,-1.1789959480865158,2.56
-0.31255220417828655,-1.1031954733446314,2.62
-0.31255220417828655,-1.0330205937810208,2.58
-0.31255220417828655,-0.9675949095089756,2.71
-0.31255220417828655,-0.9062385567533586,2.39
-0.31255220417828655,-0.8484126810366042,2.6
-0.37565125712786057,-2.4041020414735232,2.33
-0.37565125712786057,-2.082276702982297,2.66
-0.37565125712786057,-1.86874298697019,2.56
-0.37565125712786057,-1.5696752228679625,2.87
-0.37565125712786057,-1.454108971920245,2.7
-0.37565125712786057,-1.352535328459298,2.73
-0.37565125712786057,-1.2615814172353588,2.73
-0.37565125712786057,-1.1789959480865158,2.84
-0.37565125712786057,-1.1031954733446314,2.41
-0.37565125712786057,-1.0330205937810208,2.68
-0.37565125712786057,-0.9675949095089756,2.47
-0.37565125712786057,-0.9062385567533586,2.69
-0.37565125712786057,-0.8484126810366042,2.78
-0.37565125712786057,-0.7936823851984369,2.39
-0.37565125712786057,-0.7416911983902218,2.76
-0.37565125712786057,-0.6921429962693284,2.86
-0.37565125712786057,-0.6447888926618692,2.75
-0.37565125712786057,-0.5994175387152672,2.79
-0.37565125712786057,-0.5558478131536311,2.26
-0.37565125712786057,-0.5139232255614766,2.3
-0.37565125712786057,-0.4735075697184635,2.5
-0.37565125712786057,-0.4344815042830214,2.62
-0.37565125712786057,-0.3967398316991988,2.45
-0.37565125712786057,2.4063878353189194,2.47
-0.43939171836756163,-2.4041020414735232,2.34
-0.43939171836756163,-2.082276702982297,2.24
-0.43939171836756163,-1.86874298697019,2.37
-0.43939171836756163,-1.704660426620146,2.48
-0.43939171836756163,-1.5696752228679625,2.18
-0.43939171836756163,-1.454108971920245,2.28
-0.43939171836756163,-1.352535328459298,2.27
-0.43939171836756163,-1.2615814172353588,2.25
-0.43939171836756163,-1.1789959480865158,2.6
-0.43939171836756163,-1.1031954733446314,2.36
-0.43939171836756163,-1.0330205937810208,2.24
-0.43939171836756163,-0.9675949095089756,2.26
-0.43939171836756163,-0.9062385567533586,2.34
-0.43939171836756163,-0.8484126810366042,2.26
-0.43939171836756163,-0.7936823851984369,2.18
-0.43939171836756163,-0.7416911983902218,2.4
-0.2500637886190798,-2.4041020414735232,2.08
-0.2500637886190798,-2.082276702982297,2.43
-0.2500637886190798,-1.86874298697019,2.67
-0.2500637886190798,-1.704660426620146,2.24
-0.2500637886190798,-1.5696752228679625,2.38
-0.2500637886190798,-1.454108971920245,2.36
-0.2500637886190798,-1.352535328459298,2.14
-0.2500637886190798,-1.2615814172353588,2.56
-0.2500637886190798,-1.1789959480865158,2.42
-0.2500637886190798,-1.1031954733446314,2.37
-0.2500637886190798,-1.0330205937810208,2.46
-0.2500637886190798,-0.9675949095089756,2.58
-0.2500637886190798,-0.9062385567533586,2.48
-0.2500637886190798,-0.8484126810366042,2.56
-0.2500637886190798,-0.7936823851984369,2.39
-0.2500637886190798,-0.7416911983902218,2.26
-0.2500637886190798,-0.6921429962693284,2.46
-0.2500637886190798,-0.6447888926618692,2.28
-0.2500637886190798,-0.5994175387152672,2.64
-0.2500637886190798,-0.5558478131536311,2.3
-0.2500637886190798,-0.5139232255614766,2.3
-0.2500637886190798,-0.4735075697184635,2.31
-0.2500637886190798,-0.4344815042830214,2.45
-0.2500637886190798,-0.3967398316991988,2.33
-0.2500637886190798,-0.36018930990811704,2.48
-0.2500637886190798,-0.3247468756213473,2.3
-0.2500637886190798,-0.290338189061288,2.1
-0.2500637886190798,-0.2568964323718745,2.46
-0.2500637886190798,-0.2243613100898303,2.45
-0.2500637886190798,-0.19267821196853815,2.5
-0.2500637886190798,-0.1617975073017256,2.51
-0.2500637886190798,-0.13167394655485581,2.3
-0.2500637886190798,-0.10226615117333404,2.4
-0.2500637886190798,-0.07353617631883969,2.72
-0.2500637886190798,-0.045449134289415924,2.2
-0.2500637886190798,-0.017972868723021947,2.07
-0.2500637886190798,0.008922328472556626,2.61
-0.2500637886190798,0.035263964060709425,2.48
-0.2500637886190798,0.061077559721026665,2.47
-0.2500637886190798,0.08638684209709599,2.38
-0.2500637886190798,0.11121391039132836,2.63
-0.2500637886190798,0.13557938463830435,2.1
-0.2500637886190798,0.15950253728775815,2.53
-0.2500637886190798,0.1830014103175806,2.64
-0.2500637886190798,0.20609291975843996,2.31
-0.2500637886190798,0.2287929492308504,2.46
-0.2500637886190798,0.2511164338617944,2.66
-0.2500637886190798,0.2730774357526321,2.27
-0.2500637886190798,0.29468921200603754,2.07
-0.2500637886190798,0.3159642761815078,2.52
-0.2500637886190798,0.3369144539321443,2.28
-0.2500637886190798,0.3575509334761915,2.38
-0.2500637886190798,0.3778843114723592,2.3
-0.2500637886190798,0.3979246347957856,2.61
-0.2500637886190798,0.41768143864960566,2.19
-0.2500637886190798,0.437163781393963,2.45
-0.2500637886190798,0.45638027642838047,2.52
-0.2500637886190798,0.4753391214238404,2.55
-0.2500637886190798,0.4940481251664976,2.59
-0.2500637886190798,0.5125147322451269,2.27
-0.2500637886190798,0.5307460457883441,2.56
-0.2500637886190798,0.5487488484349535,2.58
-0.2500637886190798,0.5665296217008319,2.47
-0.2500637886190798,0.5840945638883439,2.6
-0.2500637886190798,0.6014496066689001,2.22
-0.2500637886190798,0.6186004304557555,2.01
-0.2500637886190798,0.6355524786722138,2.6
-0.2500637886190798,0.6523109710098142,2.27
-0.2500637886190798,0.6688809157617327,2.38
-0.2500637886190798,0.6852671213083008,2.74
-0.2500637886190798,0.7014742068241603,2.13
-0.2500637886190798,0.7175066122699557,2.06
-0.2500637886190798,0.7333686077256167,2.44
-0.2500637886190798,0.7490643021169818,2.47
-0.2500637886190798,0.7645976513828384,2.59
-0.2500637886190798,0.7799724661251993,2.55
-0.2500637886190798,0.795192418781857,2.38
-0.2500637886190798,0.810261050356838,2.49
-0.2500637886190798,0.8251817767412929,2.49
-0.2500637886190798,0.8399578946546022,2.61
-0.2500637886190798,0.854592587232954,2.43
-0.2500637886190798,0.8690889292903738,2.63
-0.2500637886190798,0.8834498922751791,2.56
-0.1881577967055374,-2.4041020414735232,2.05
-0.1881577967055374,-2.082276702982297,2.7
-0.1881577967055374,-1.86874298697019,2.41
-0.1881577967055374,-1.704660426620146,2.59
-0.1881577967055374,-1.5696752228679625,2.45
-0.1881577967055374,-1.454108971920245,2.18
-0.1881577967055374,-1.352535328459298,2.46
-0.1881577967055374,-1.2615814172353588,2.27
-0.1881577967055374,-1.1789959480865158,2.51
-0.1881577967055374,-1.1031954733446314,2.76
-0.1881577967055374,-1.0330205937810208,2.19
-0.1881577967055374,-0.9675949095089756,2.36
-0.1881577967055374,-0.9062385567533586,2.63
-0.1881577967055374,-0.8484126810366042,2.51
-0.1881577967055374,-0.7936823851984369,2.48
-0.1881577967055374,-0.7416911983902218,1.93
-0.1881577967055374,-0.6921429962693284,2.38
-0.1881577967055374,-0.6447888926618692,2.36
-0.1881577967055374,-0.5994175387152672,2.59
-0.1881577967055374,-0.5558478131536311,2.67
-0.1881577967055374,-0.5139232255614766,2.32
-0.1881577967055374,-0.4735075697184635,2.18
-0.1881577967055374,-0.4344815042830214,2.4
-0.1881577967055374,-0.3967398316991988,2.33
-0.1881577967055374,-0.36018930990811704,2.42
-0.1881577967055374,-0.3247468756213473,2.32
-0.1881577967055374,-0.290338189061288,2.39
-0.1881577967055374,-0.2568964323718745,2.35
-0.1881577967055374,-0.2243613100898303,2.32
-0.1881577967055374,-0.19267821196853815,2.68
-0.1881577967055374,-0.1617975073017256,2.33
-0.1881577967055374,-0.13167394655485581,2.32
-0.1881577967055374,-0.10226615117333404,2.55
-0.1881577967055374,-0.07353617631883969,2.48
-0.1881577967055374,-0.045449134289415924,2.28
-0.1881577967055374,-0.017972868723021947,2.18
-0.1881577967055374,0.008922328472556626,2.24
-0.1881577967055374,0.035263964060709425,2.06
-0.1881577967055374,0.061077559721026665,2.4
-0.1881577967055374,0.08638684209709599,2.52
-0.1881577967055374,0.11121391039132836,2.25
-0.1881577967055374,0.13557938463830435,2.46
-0.1881577967055374,0.15950253728775815,2.4
-0.1881577967055374,0.1830014103175806,2.71
-0.1881577967055374,0.20609291975843996,2.32
-0.1881577967055374,0.2287929492308504,2.26
-0.1881577967055374,0.2511164338617944,2.48
-0.1881577967055374,0.2730774357526321,2.52
-0.1881577967055374,0.29468921200603754,2.43
-0.1881577967055374,0.3159642761815078,2.51
-0.1881577967055374,0.3369144539321443,2.24
-0.1881577967055374,0.3575509334761915,2.39
-0.1881577967055374,0.3778843114723592,2.71
-0.1881577967055374,0.3979246347957856,2.4
-0.1881577967055374,0.41768143864960566,2.52
-0.1881577967055374,0.437163781393963,2.34
-0.1881577967055374,0.45638027642838047,2.34
-0.1881577967055374,0.4753391214238404,2.42
-0.1881577967055374,0.4940481251664976,2.3
-0.1881577967055374,0.5125147322451269,2.37
-0.1881577967055374,0.5307460457883441,2.23
-0.1881577967055374,0.5487488484349535,2.47
-0.1881577967055374,0.5665296217008319,2.43
-0.1881577967055374,0.5840945638883439,2.43
-0.1881577967055374,0.6014496066689001,2.34
-0.1881577967055374,0.6186004304557555,2.5
-0.1881577967055374,0.6355524786722138,2.37
-0.1881577967055374,0.6523109710098142,2.44
-0.1881577967055374,0.6688809157617327,2.26
-0.1881577967055374,0.6852671213083008,2.9
-0.1881577967055374,0.7014742068241603,2.89
-0.1881577967055374,0.7175066122699557,2.46
-0.1881577967055374,0.7333686077256167,2.52
-0.1881577967055374,0.7490643021169818,2.52
-0.1881577967055374,0.7645976513828384,2.55
-0.1881577967055374,0.7799724661251993,2.21
-0.1881577967055374,0.795192418781857,2.45
-0.1881577967055374,0.810261050356838,2.19
-0.1881577967055374,0.8251817767412929,2.36
-0.1881577967055374,0.8399578946546022,2.35
-0.1881577967055374,0.854592587232954,2.43
-0.1881577967055374,0.8690889292903738,2.67
-0.1881577967055374,0.8834498922751791,2.45
-0.1881577967055374,0.8976783489428971,2.29
-0.1881577967055374,0.9117770777650576,2.46
-0.1881577967055374,0.9257487670917043,2.82
-0.1881577967055374,0.9395960190840656,2.33
-0.06599128200733334,-2.4041020414735232,2.36
-0.06599128200733334,-2.082276702982297,2.51
-0.06599128200733334,-1.86874298697019,2.13
-0.06599128200733334,-1.704660426620146,2.58
-0.06599128200733334,-1.5696752228679625,2.67
-0.06599128200733334,-1.454108971920245,2.41
-0.06599128200733334,-1.352535328459298,2.44
-0.06599128200733334,-1.2615814172353588,2.28
-0.06599128200733334,-1.1789959480865158,2.56
-0.06599128200733334,-1.1031954733446314,2.41
-0.06599128200733334,-1.0330205937810208,2.58
-0.06599128200733334,-0.9675949095089756,2.51
-0.06599128200733334,-0.9062385567533586,2.39
-0.06599128200733334,-0.8484126810366042,2.52
-0.06599128200733334,-0.7936823851984369,2.6
-0.06599128200733334,-0.7416911983902218,2.49
-0.06599128200733334,-0.6921429962693284,2.48
-0.06599128200733334,-0.6447888926618692,2.54
-0.06599128200733334,-0.5994175387152672,2.63
-0.06599128200733334,-0.5558478131536311,2.33
-0.06599128200733334,-0.5139232255614766,2.52
-0.06599128200733334,-0.4735075697184635,2.69
-0.06599128200733334,-0.4344815042830214,2.42
-0.06599128200733334,-0.3967398316991988,2.6
-0.06599128200733334,-0.36018930990811704,2.48
-0.06599128200733334,-0.3247468756213473,2.44
-0.06599128200733334,-0.290338189061288,2.47
-0.06599128200733334,-0.2568964323718745,2.61
-0.06599128200733334,-0.2243613100898303,2.34
-0.06599128200733334,-0.19267821196853815,2.62
-0.06599128200733334,-0.1617975073017256,2.65
-0.06599128200733334,-0.13167394655485581,2.48
-0.06599128200733334,-0.10226615117333404,2.6
-0.06599128200733334,-0.07353617631883969,2.54
-0.06599128200733334,-0.045449134289415924,2.44
-0.06599128200733334,-0.017972868723021947,2.53
-0.06599128200733334,0.008922328472556626,2.35
-0.06599128200733334,0.035263964060709425,2.38
-0.06599128200733334,0.061077559721026665,2.31
-0.06599128200733334,0.08638684209709599,2.45
-0.06599128200733334,0.11121391039132836,2.37
-0.06599128200733334,0.13557938463830435,2.29
-0.06599128200733334,0.15950253728775815,2.25
-0.06599128200733334,0.1830014103175806,2.11
-0.06599128200733334,0.20609291975843996,2.53
-0.06599128200733334,0.2287929492308504,2.45
-0.06599128200733334,0.2511164338617944,2.46
-0.06599128200733334,0.2730774357526321,2.44
-0.06599128200733334,0.29468921200603754,2.52
-0.06599128200733334,0.3159642761815078,2.68
-0.06599128200733334,0.3369144539321443,2.49
-0.06599128200733334,0.3575509334761915,2.34
-0.06599128200733334,0.3778843114723592,2.6
-0.06599128200733334,0.3979246347957856,2.44
-0.06599128200733334,0.41768143864960566,2.6
-0.06599128200733334,0.437163781393963,2.45
-0.06599128200733334,0.45638027642838047,2.87
-0.06599128200733334,0.4753391214238404,2.53
-0.06599128200733334,0.4940481251664976,2.39
-0.06599128200733334,0.5125147322451269,2.71
-0.06599128200733334,0.5307460457883441,2.43
-0.06599128200733334,0.5487488484349535,2.63
-0.06599128200733334,0.5665296217008319,2.44
-0.06599128200733334,0.5840945638883439,2.43
-0.06599128200733334,0.6014496066689001,2.43
-0.06599128200733334,0.6186004304557555,2.61
-0.06599128200733334,0.6355524786722138,2.41
-0.06599128200733334,0.6523109710098142,2.62
-0.06599128200733334,0.6688809157617327,2.43
-0.06599128200733334,0.6852671213083008,2.37
-0.06599128200733334,0.7014742068241603,2.55
-0.06599128200733334,0.7175066122699557,2.49
-0.06599128200733334,0.7333686077256167,2.62
-0.06599128200733334,0.7490643021169818,2.28
-0.06599128200733334,0.7645976513828384,2.48
-0.06599128200733334,0.7799724661251993,2.62
-0.06599128200733334,0.795192418781857,2.22
-0.06599128200733334,0.810261050356838,2.53
-0.06599128200733334,0.8251817767412929,2.54
-0.06599128200733334,0.8399578946546022,2.56
-0.06599128200733334,0.854592587232954,2.52
-0.06599128200733334,0.8690889292903738,2.47
-0.06599128200733334,0.8834498922751791,2.46
-0.06599128200733334,0.8976783489428971,2.52
-0.06599128200733334,0.9117770777650576,2.84
-0.06599128200733334,0.9257487670917043,2.2
-0.06599128200733334,0.9395960190840656,2.53
-0.06599128200733334,0.9533213534325731,2.72
-0.06599128200733334,0.9669272108742331,2.63
-0.06599128200733334,0.9804159565223062,2.4
-0.06599128200733334,0.9937898830202718,2.57
-0.06599128200733334,1.007051213531184,2.65
-0.06599128200733334,1.0202021045726761,2.31
-0.06599128200733334,1.0267367916456656,2.48
-0.06599128200733334,1.033244648707185,2.33
-0.06599128200733334,1.0461808770962104,2.44
-0.06599128200733334,1.084371108515233,2.48
-0.06599128200733334,1.096901239975142,2.52
-0.06599128200733334,1.1093343713551664,2.58
-0.06599128200733334,1.1216722124047451,2.52
-0.06599128200733334,1.1339164261691512,2.5
-0.06599128200733334,1.146068630709014,2.37
-0.06599128200733334,1.1581304007405135,2.43
-0.06599128200733334,1.1701032692006368,2.42
-0.06599128200733334,1.181988728741578,2.56
-0.06599128200733334,1.1937882331581546,2.43
-0.06599128200733334,1.2055031987518119,2.67
-0.06599128200733334,1.2171350056346102,2.5
-0.06599128200733334,1.2286849989763475,2.74
-0.06599128200733334,1.240154490197799,2.67
-0.06599128200733334,1.2515447581128578,2.43
-0.06599128200733334,1.2628570500222107,2.78
-0.06599128200733334,1.274092582760998,2.25
-0.06599128200733334,1.2852525437027942,2.48
-0.06599128200733334,2.4063878353189194,2.2
-0.12680827587090224,-2.4041020414735232,2.5
-0.12680827587090224,-2.082276702982297,2.49
-0.12680827587090224,-1.86874298697019,2.55
-0.12680827587090224,-1.704660426620146,2.52
-0.12680827587090224,-1.5696752228679625,2.83
-0.12680827587090224,-1.454108971920245,2.6
-0.12680827587090224,-1.352535328459298,2.46
-0.12680827587090224,-1.2615814172353588,2.75
-0.12680827587090224,-1.1789959480865158,2.63
-0.12680827587090224,-1.1031954733446314,2.49
-0.12680827587090224,-1.0330205937810208,2.74
-0.12680827587090224,-0.9675949095089756,2.51
-0.12680827587090224,-0.9062385567533586,2.57
-0.12680827587090224,-0.8484126810366042,2.62
-0.12680827587090224,-0.7936823851984369,2.82
-0.12680827587090224,-0.7416911983902218,2.76
-0.12680827587090224,-0.6921429962693284,2.8
-0.12680827587090224,-0.6447888926618692,2.58
-0.12680827587090224,-0.5994175387152672,2.36
-0.12680827587090224,-0.5558478131536311,3.02
-0.12680827587090224,-0.5139232255614766,2.59
-0.12680827587090224,-0.4735075697184635,2.86
-0.12680827587090224,-0.4344815042830214,2.43
-0.12680827587090224,-0.3967398316991988,2.52
-0.12680827587090224,-0.36018930990811704,2.68
-0.12680827587090224,-0.3247468756213473,2.82
-0.12680827587090224,-0.290338189061288,2.91
-0.12680827587090224,-0.2568964323718745,2.33
-0.12680827587090224,-0.2243613100898303,2.54
-0.12680827587090224,-0.19267821196853815,2.78
-0.12680827587090224,-0.1617975073017256,2.4
-0.12680827587090224,-0.13167394655485581,2.81
-0.12680827587090224,-0.10226615117333404,2.35
-0.12680827587090224,-0.07353617631883969,2.71
-0.12680827587090224,-0.045449134289415924,2.53
-0.12680827587090224,-0.017972868723021947,2.65
-0.12680827587090224,0.008922328472556626,2.68
-0.12680827587090224,0.035263964060709425,2.56
-0.12680827587090224,0.061077559721026665,2.63
-0.12680827587090224,0.08638684209709599,2.67
-0.12680827587090224,0.11121391039132836,2.6
-0.12680827587090224,0.13557938463830435,2.76
-0.12680827587090224,0.15950253728775815,2.62
-0.12680827587090224,0.1830014103175806,2.5
-0.12680827587090224,0.20609291975843996,2.65
-0.12680827587090224,0.2287929492308504,2.58
-0.12680827587090224,0.2511164338617944,2.63
-0.12680827587090224,0.2730774357526321,2.57
-0.12680827587090224,0.29468921200603754,2.43
-0.12680827587090224,0.3159642761815078,2.71
-0.12680827587090224,0.3369144539321443,2.61
-0.12680827587090224,0.3575509334761915,2.69
-0.12680827587090224,0.3778843114723592,2.51
-0.12680827587090224,0.3979246347957856,2.81
-0.12680827587090224,0.41768143864960566,2.61
-0.12680827587090224,0.437163781393963,2.75
-0.12680827587090224,0.45638027642838047,2.65
-0.12680827587090224,0.4753391214238404,2.87
-0.12680827587090224,0.4940481251664976,2.5
-0.12680827587090224,0.5125147322451269,2.49
-0.12680827587090224,0.5307460457883441,2.62
-0.12680827587090224,0.5487488484349535,2.85
-0.12680827587090224,0.5665296217008319,2.64
-0.12680827587090224,0.5840945638883439,2.77
-0.12680827587090224,0.6014496066689001,2.65
-0.12680827587090224,0.6186004304557555,3.0
-0.12680827587090224,0.6355524786722138,2.81
-0.12680827587090224,0.6523109710098142,2.4
-0.12680827587090224,0.6688809157617327,2.67
-0.12680827587090224,0.6852671213083008,2.61
-0.12680827587090224,0.7014742068241603,2.52
-0.12680827587090224,0.7175066122699557,2.6
-0.12680827587090224,0.7333686077256167,2.66
-0.12680827587090224,0.7490643021169818,2.58
-0.12680827587090224,0.7645976513828384,2.58
-0.12680827587090224,0.7799724661251993,2.69
-0.12680827587090224,0.795192418781857,2.67
-0.12680827587090224,0.810261050356838,2.45
-0.12680827587090224,0.8251817767412929,2.6
-0.12680827587090224,0.8399578946546022,2.38
-0.12680827587090224,0.854592587232954,2.39
-0.12680827587090224,0.8690889292903738,2.82
-0.005684662454246731,-2.4041020414735232,2.15
-0.005684662454246731,-2.082276702982297,3.63
-0.005684662454246731,-1.86874298697019,2.87
-0.005684662454246731,-1.704660426620146,2.32
-0.005684662454246731,-1.5696752228679625,2.27
-0.005684662454246731,-1.454108971920245,2.38
-0.005684662454246731,-1.352535328459298,2.35
-0.005684662454246731,-1.2615814172353588,2.5
-0.005684662454246731,-1.1789959480865158,2.38
-0.005684662454246731,-1.1031954733446314,1.99
-0.005684662454246731,-1.0330205937810208,2.24
-0.005684662454246731,-0.9675949095089756,2.13
-0.005684662454246731,-0.9062385567533586,2.47
-0.005684662454246731,-0.8484126810366042,2.25
-0.005684662454246731,-0.7936823851984369,2.48
-0.005684662454246731,-0.7416911983902218,2.39
-0.005684662454246731,-0.6921429962693284,2.39
-0.005684662454246731,-0.6447888926618692,3.07
-0.005684662454246731,-0.5994175387152672,2.29
-0.005684662454246731,-0.5558478131536311,2.19
-0.005684662454246731,-0.5139232255614766,2.63
-0.005684662454246731,-0.4735075697184635,2.51
-0.005684662454246731,-0.4344815042830214,2.18
-0.005684662454246731,-0.3967398316991988,2.38
-0.005684662454246731,-0.36018930990811704,2.38
-0.005684662454246731,-0.3247468756213473,2.52
-0.005684662454246731,-0.290338189061288,2.21
-0.005684662454246731,-0.2568964323718745,2.31
-0.005684662454246731,-0.2243613100898303,2.23
-0.005684662454246731,-0.19267821196853815,2.47
-0.005684662454246731,-0.1617975073017256,2.67
-0.005684662454246731,-0.13167394655485581,2.33
-0.005684662454246731,-0.10226615117333404,2.43
-0.005684662454246731,-0.07353617631883969,2.28
-0.005684662454246731,-0.045449134289415924,2.31
-0.005684662454246731,-0.017972868723021947,2.26
-0.005684662454246731,0.008922328472556626,2.52
-0.005684662454246731,0.035263964060709425,2.19
-0.005684662454246731,0.061077559721026665,2.25
-0.005684662454246731,0.08638684209709599,2.46
-0.005684662454246731,0.11121391039132836,2.43
-0.005684662454246731,0.13557938463830435,2.51
-0.005684662454246731,0.15950253728775815,3.54
-0.005684662454246731,0.1830014103175806,2.81
-0.005684662454246731,0.20609291975843996,2.21
-0.005684662454246731,0.2287929492308504,2.16
-0.005684662454246731,0.2511164338617944,2.22
-0.005684662454246731,0.2730774357526321,2.44
-0.005684662454246731,0.29468921200603754,2.55
-0.005684662454246731,0.3159642761815078,2.5
-0.005684662454246731,0.3369144539321443,2.24
-0.005684662454246731,0.3575509334761915,2.3
-0.005684662454246731,0.3778843114723592,2.26
-0.005684662454246731,0.3979246347957856,2.34
-0.005684662454246731,0.41768143864960566,2.15
-0.005684662454246731,0.437163781393963,2.44
0.40373208498855834,-2.4041020414735232,2.45
0.40373208498855834,-2.082276702982297,2.65
0.40373208498855834,-1.86874298697019,2.25
0.40373208498855834,-1.704660426620146,2.55
0.40373208498855834,-1.5696752228679625,2.27
0.40373208498855834,-1.454108971920245,2.22
0.40373208498855834,-1.352535328459298,2.54
0.40373208498855834,-1.2615814172353588,2.59
0.40373208498855834,-1.1789959480865158,2.37
0.40373208498855834,-1.1031954733446314,2.34
0.40373208498855834,-1.0330205937810208,2.36
0.40373208498855834,-0.9675949095089756,2.53
0.40373208498855834,-0.9062385567533586,2.78
0.40373208498855834,-0.8484126810366042,2.56
0.40373208498855834,-0.7936823851984369,2.67
0.40373208498855834,-0.7416911983902218,2.27
0.40373208498855834,-0.6921429962693284,2.55
0.40373208498855834,-0.6447888926618692,2.59
0.40373208498855834,-0.5994175387152672,2.47
0.40373208498855834,-0.5558478131536311,2.51
0.40373208498855834,-0.5139232255614766,2.41
0.40373208498855834,-0.4735075697184635,2.33
0.40373208498855834,-0.4344815042830214,2.55
0.40373208498855834,-0.3967398316991988,2.47
0.40373208498855834,-0.36018930990811704,2.51
0.40373208498855834,-0.3247468756213473,2.56
0.40373208498855834,-0.290338189061288,2.62
0.40373208498855834,-0.2568964323718745,2.32
0.40373208498855834,-0.2243613100898303,2.52
0.40373208498855834,-0.19267821196853815,2.6
0.40373208498855834,-0.1617975073017256,2.68
0.40373208498855834,-0.13167394655485581,2.37
0.40373208498855834,-0.10226615117333404,2.57
0.40373208498855834,-0.07353617631883969,2.46
0.40373208498855834,-0.045449134289415924,2.58
0.40373208498855834,-0.017972868723021947,2.61
0.40373208498855834,0.008922328472556626,2.65
0.40373208498855834,0.035263964060709425,2.63
0.40373208498855834,0.061077559721026665,2.68
0.40373208498855834,0.08638684209709599,2.66
0.40373208498855834,0.11121391039132836,2.46
0.40373208498855834,0.13557938463830435,2.42
0.40373208498855834,0.15950253728775815,2.84
0.40373208498855834,0.1830014103175806,2.24
0.40373208498855834,0.20609291975843996,2.35
0.40373208498855834,0.2287929492308504,2.48
0.40373208498855834,0.2511164338617944,2.93
0.40373208498855834,0.2730774357526321,2.44
0.40373208498855834,0.29468921200603754,2.69
0.40373208498855834,0.3159642761815078,2.33
0.40373208498855834,0.3369144539321443,2.85
0.40373208498855834,0.3575509334761915,2.43
0.40373208498855834,0.3778843114723592,2.75
0.40373208498855834,0.3979246347957856,2.47
0.40373208498855834,0.41768143864960566,2.62
0.40373208498855834,0.437163781393963,2.52
0.40373208498855834,0.45638027642838047,2.16
0.40373208498855834,0.4753391214238404,2.36
0.40373208498855834,0.4940481251664976,2.54
0.40373208498855834,0.5125147322451269,2.57
0.40373208498855834,0.5307460457883441,2.36
0.40373208498855834,0.5487488484349535,2.52
0.40373208498855834,0.5665296217008319,2.44
0.40373208498855834,0.5840945638883439,2.52
0.40373208498855834,0.6014496066689001,2.33
0.40373208498855834,0.6186004304557555,2.35
0.40373208498855834,0.6355524786722138,2.75
0.40373208498855834,0.6523109710098142,2.47
0.40373208498855834,0.6688809157617327,2.36
0.40373208498855834,0.6852671213083008,2.61
0.40373208498855834,0.7014742068241603,2.67
0.40373208498855834,0.7175066122699557,2.44
0.40373208498855834,0.7333686077256167,2.52
0.40373208498855834,0.7490643021169818,2.48
0.40373208498855834,0.7645976513828384,2.3
0.40373208498855834,0.7799724661251993,2.59
0.40373208498855834,0.795192418781857,2.42
0.40373208498855834,0.810261050356838,2.87
0.40373208498855834,0.8251817767412929,2.42
0.40373208498855834,0.8399578946546022,2.6
0.40373208498855834,0.854592587232954,2.48
0.40373208498855834,0.8690889292903738,2.7
0.40373208498855834,0.8834498922751791,2.59
0.40373208498855834,0.8976783489428971,2.47
0.40373208498855834,0.9117770777650576,2.43
0.40373208498855834,0.9257487670917043,2.47
0.40373208498855834,0.9395960190840656,2.58
0.40373208498855834,0.9533213534325731,2.31
0.40373208498855834,0.9669272108742331,2.45
0.40373208498855834,0.9804159565223062,2.99
0.40373208498855834,0.9937898830202718,2.65
0.40373208498855834,1.007051213531184,2.61
0.40373208498855834,1.0202021045726761,2.48
0.40373208498855834,1.033244648707185,2.4
0.40373208498855834,1.0461808770962104,2.35
0.40373208498855834,1.059012761926854,2.56
0.40373208498855834,1.0717422187182857,2.48
0.40373208498855834,1.084371108515233,2.5
0.40373208498855834,1.096901239975142,2.45
0.40373208498855834,1.1093343713551664,2.35
0.46059019121983297,-2.4041020414735232,2.14
0.46059019121983297,-2.082276702982297,2.07
0.46059019121983297,-1.86874298697019,2.97
0.46059019121983297,-1.704660426620146,2.25
0.46059019121983297,-1.5696752228679625,2.09
0.46059019121983297,-1.454108971920245,2.28
0.46059019121983297,-1.352535328459298,2.25
0.46059019121983297,-1.2615814172353588,2.3
0.46059019121983297,-1.1789959480865158,2.29
0.46059019121983297,-1.1031954733446314,2.17
0.46059019121983297,-1.0330205937810208,2.3
0.46059019121983297,-0.9675949095089756,2.07
0.46059019121983297,-0.9062385567533586,2.6
0.46059019121983297,-0.8484126810366042,2.15
0.46059019121983297,-0.7936823851984369,2.13
0.46059019121983297,-0.7416911983902218,2.22
0.46059019121983297,-0.6921429962693284,2.19
0.46059019121983297,-0.6447888926618692,2.25
0.46059019121983297,-0.5994175387152672,2.05
0.46059019121983297,-0.5558478131536311,2.16
0.46059019121983297,-0.5139232255614766,2.25
0.46059019121983297,-0.4735075697184635,2.24
0.46059019121983297,-0.4344815042830214,2.2
0.46059019121983297,-0.3967398316991988,2.12
0.46059019121983297,-0.36018930990811704,2.2
0.46059019121983297,-0.3247468756213473,2.06
0.46059019121983297,-0.290338189061288,2.93
0.46059019121983297,-0.2568964323718745,2.18
0.46059019121983297,-0.2243613100898303,2.31
0.46059019121983297,-0.19267821196853815,2.3
0.46059019121983297,-0.1617975073017256,2.83
0.46059019121983297,-0.13167394655485581,1.95
0.46059019121983297,-0.10226615117333404,2.3
0.46059019121983297,-0.07353617631883969,2.14
0.46059019121983297,-0.045449134289415924,2.08
0.46059019121983297,-0.017972868723021947,2.2
0.46059019121983297,0.008922328472556626,2.25
0.46059019121983297,0.035263964060709425,2.46
0.46059019121983297,0.061077559721026665,2.28
0.46059019121983297,0.08638684209709599,3.0
0.46059019121983297,0.11121391039132836,2.22
0.46059019121983297,0.13557938463830435,2.05
0.46059019121983297,0.15950253728775815,3.93
0.46059019121983297,0.1830014103175806,2.09
0.46059019121983297,0.20609291975843996,2.44
0.46059019121983297,0.2287929492308504,2.09
0.46059019121983297,0.2511164338617944,2.15
0.46059019121983297,0.2730774357526321,2.25
0.46059019121983297,0.29468921200603754,2.35
0.46059019121983297,0.3159642761815078,2.15
0.46059019121983297,0.3369144539321443,2.49
0.46059019121983297,0.3575509334761915,2.04
0.46059019121983297,0.3778843114723592,2.4
0.0541321313380346,-2.4041020414735232,2.35
0.0541321313380346,-2.082276702982297,2.27
0.0541321313380346,-1.86874298697019,2.49
0.0541321313380346,-1.704660426620146,2.42
0.0541321313380346,-1.5696752228679625,2.39
0.0541321313380346,-1.454108971920245,2.37
0.0541321313380346,-1.352535328459298,2.31
0.0541321313380346,-1.2615814172353588,2.15
0.0541321313380346,-1.1789959480865158,2.0
0.0541321313380346,-1.1031954733446314,2.49
0.0541321313380346,-1.0330205937810208,2.33
0.0541321313380346,-0.9675949095089756,2.26
0.0541321313380346,-0.9062385567533586,2.57
0.0541321313380346,-0.8484126810366042,2.39
0.0541321313380346,-0.7936823851984369,2.25
0.0541321313380346,-0.7416911983902218,2.14
0.0541321313380346,-0.6921429962693284,2.27
0.0541321313380346,-0.6447888926618692,2.4
0.0541321313380346,-0.5994175387152672,2.87
0.0541321313380346,-0.5558478131536311,2.41
0.0541321313380346,-0.5139232255614766,2.25
0.0541321313380346,-0.4735075697184635,2.81
0.0541321313380346,-0.4344815042830214,2.22
0.0541321313380346,-0.3967398316991988,2.71
0.0541321313380346,-0.36018930990811704,2.34
0.0541321313380346,-0.3247468756213473,2.51
0.0541321313380346,-0.290338189061288,2.37
0.0541321313380346,-0.2568964323718745,2.52
0.0541321313380346,-0.2243613100898303,2.18
0.0541321313380346,-0.19267821196853815,2.22
0.0541321313380346,-0.1617975073017256,2.15
0.0541321313380346,-0.13167394655485581,2.25
0.0541321313380346,-0.10226615117333404,2.11
0.0541321313380346,-0.07353617631883969,2.3
0.0541321313380346,-0.045449134289415924,2.1
0.0541321313380346,-0.017972868723021947,2.1
0.0541321313380346,0.008922328472556626,2.46
0.0541321313380346,0.035263964060709425,2.42
0.0541321313380346,0.061077559721026665,2.46
0.0541321313380346,0.08638684209709599,2.67
0.0541321313380346,0.11121391039132836,2.45
0.0541321313380346,0.13557938463830435,2.19
0.0541321313380346,0.15950253728775815,2.25
0.0541321313380346,0.1830014103175806,2.12
0.0541321313380346,0.20609291975843996,2.25
0.0541321313380346,0.2287929492308504,1.97
0.0541321313380346,0.2511164338617944,2.47
0.0541321313380346,0.2730774357526321,2.18
0.0541321313380346,0.29468921200603754,2.13
0.0541321313380346,0.3159642761815078,2.34
0.0541321313380346,0.3369144539321443,2.06
0.0541321313380346,0.3575509334761915,2.07
0.0541321313380346,0.3778843114723592,2.33
0.0541321313380346,0.3979246347957856,2.24
0.0541321313380346,0.41768143864960566,2.42
0.0541321313380346,0.437163781393963,2.34
0.0541321313380346,0.45638027642838047,2.33
0.0541321313380346,0.4753391214238404,2.12
0.0541321313380346,0.4940481251664976,2.18
0.0541321313380346,0.5125147322451269,2.43
0.0541321313380346,0.5307460457883441,2.28
0.0541321313380346,0.5487488484349535,2.38
0.0541321313380346,0.5665296217008319,2.25
0.0541321313380346,0.5840945638883439,2.31
0.0541321313380346,0.6014496066689001,2.08
0.0541321313380346,0.6186004304557555,2.41
0.0541321313380346,0.6355524786722138,2.13
0.0541321313380346,0.6523109710098142,2.32
0.0541321313380346,0.6688809157617327,2.4
0.0541321313380346,0.6852671213083008,2.4
0.0541321313380346,0.7014742068241603,2.53
0.0541321313380346,0.7175066122699557,2.37
0.0541321313380346,0.7333686077256167,2.27
0.0541321313380346,0.7490643021169818,2.14
0.0541321313380346,0.7645976513828384,1.94
0.0541321313380346,0.7799724661251993,2.61
0.0541321313380346,0.795192418781857,2.71
0.0541321313380346,0.810261050356838,2.56
0.0541321313380346,0.8251817767412929,2.42
0.0541321313380346,0.8399578946546022,2.46
0.0541321313380346,0.854592587232954,2.29
0.0541321313380346,0.8690889292903738,2.21
0.0541321313380346,0.8834498922751791,2.28
0.0541321313380346,0.8976783489428971,2.61
0.0541321313380346,0.9117770777650576,2.15
0.0541321313380346,0.9257487670917043,2.25
0.0541321313380346,0.9395960190840656,3.3
0.0541321313380346,0.9533213534325731,2.21
0.0541321313380346,0.9669272108742331,2.48
0.0541321313380346,0.9804159565223062,2.33
0.0541321313380346,0.9937898830202718,2.31
0.0541321313380346,1.007051213531184,2.18
0.0541321313380346,1.0202021045726761,2.31
0.17237136951107174,-2.4041020414735232,2.42
0.17237136951107174,-2.082276702982297,2.22
0.17237136951107174,-1.86874298697019,2.34
0.17237136951107174,-1.704660426620146,2.13
0.17237136951107174,-1.5696752228679625,2.35
0.17237136951107174,-1.454108971920245,2.55
0.17237136951107174,-1.352535328459298,2.49
0.17237136951107174,-1.2615814172353588,2.51
0.17237136951107174,-1.1789959480865158,2.48
0.17237136951107174,-1.1031954733446314,2.44
0.2308282519145664,-2.4041020414735232,2.64
0.2308282519145664,-2.082276702982297,2.73
0.2308282519145664,-1.86874298697019,2.66
0.2308282519145664,-1.704660426620146,2.71
0.2308282519145664,-1.5696752228679625,2.3
0.2308282519145664,-1.454108971920245,2.86
0.2308282519145664,-1.352535328459298,2.77
0.2308282519145664,-1.2615814172353588,2.74
0.2308282519145664,-1.1789959480865158,2.63
0.2308282519145664,-1.1031954733446314,2.6
0.2308282519145664,-1.0330205937810208,2.69
0.2308282519145664,-0.9675949095089756,2.85
0.2308282519145664,-0.9062385567533586,2.67
0.2308282519145664,-0.8484126810366042,2.72
0.2308282519145664,-0.7936823851984369,2.59
0.2308282519145664,-0.7416911983902218,3.09
0.2308282519145664,-0.6921429962693284,2.61
0.2308282519145664,-0.6447888926618692,2.81
0.2308282519145664,-0.5994175387152672,2.67
0.2308282519145664,-0.5558478131536311,2.91
0.2308282519145664,-0.5139232255614766,2.52
0.28886441753311115,-2.4041020414735232,2.52
0.28886441753311115,-2.082276702982297,2.44
0.28886441753311115,-1.86874298697019,2.72
0.28886441753311115,-1.7821763471433196,2.98
0.28886441753311115,-1.704660426620146,2.26
0.28886441753311115,-1.5696752228679625,2.72
0.28886441753311115,-1.454108971920245,3.84
0.28886441753311115,-1.352535328459298,2.8
0.28886441753311115,-1.2615814172353588,2.66
0.28886441753311115,-1.1789959480865158,2.37
0.28886441753311115,-1.1031954733446314,3.28
0.28886441753311115,-1.0330205937810208,2.99
0.28886441753311115,-0.9675949095089756,2.47
0.28886441753311115,-0.9062385567533586,3.08
0.28886441753311115,-0.8484126810366042,2.33
0.28886441753311115,-0.820684462215786,2.34
0.28886441753311115,-0.7936823851984369,2.7
0.28886441753311115,-0.7416911983902218,3.97
0.28886441753311115,-0.6921429962693284,2.81
0.28886441753311115,-0.6447888926618692,2.63
0.28886441753311115,-0.5994175387152672,2.59
0.28886441753311115,-0.5558478131536311,2.86
0.28886441753311115,-0.5139232255614766,2.62
0.28886441753311115,-0.4735075697184635,2.83
0.28886441753311115,-0.4344815042830214,3.04
0.28886441753311115,-0.3967398316991988,2.51
0.28886441753311115,-0.36018930990811704,2.35
0.28886441753311115,-0.3247468756213473,2.25
0.28886441753311115,-0.290338189061288,3.43
0.28886441753311115,-0.2568964323718745,2.44
0.28886441753311115,-0.2243613100898303,2.81
0.28886441753311115,-0.19267821196853815,2.39
0.28886441753311115,-0.1617975073017256,2.78
0.1134782063260048,-2.4041020414735232,2.51
0.1134782063260048,-2.082276702982297,2.78
0.1134782063260048,-1.86874298697019,2.37
0.1134782063260048,-1.704660426620146,2.87
0.1134782063260048,-1.5696752228679625,2.35
0.1134782063260048,-1.454108971920245,2.17
0.1134782063260048,-1.352535328459298,2.74
0.1134782063260048,-1.2615814172353588,2.79
0.1134782063260048,-1.1789959480865158,2.55
0.1134782063260048,-1.1031954733446314,2.63
0.1134782063260048,-1.0330205937810208,2.25
0.1134782063260048,-0.9675949095089756,2.42
0.1134782063260048,-0.8484126810366042,2.29
0.1134782063260048,-0.7936823851984369,2.2
0.1134782063260048,-0.7416911983902218,2.58
0.1134782063260048,-0.6921429962693284,2.71
0.1134782063260048,2.4063878353189194,2.43
0.34649445945983354,-2.4041020414735232,2.35
0.34649445945983354,-2.082276702982297,2.36
0.34649445945983354,-1.86874298697019,2.86
0.34649445945983354,-1.704660426620146,2.37
0.34649445945983354,-1.5696752228679625,2.41
0.34649445945983354,-1.454108971920245,2.43
0.34649445945983354,-1.352535328459298,2.36
0.34649445945983354,-1.2615814172353588,2.35
0.34649445945983354,-1.1789959480865158,2.49
0.34649445945983354,-1.1031954733446314,2.32
0.34649445945983354,-1.0330205937810208,2.37
0.34649445945983354,-0.9675949095089756,2.54
0.34649445945983354,-0.9062385567533586,2.31
0.34649445945983354,-0.8484126810366042,2.61
0.34649445945983354,-0.7936823851984369,2.33
0.34649445945983354,-0.7416911983902218,2.37
0.34649445945983354,-0.6921429962693284,2.36
0.34649445945983354,-0.6447888926618692,2.4
0.34649445945983354,-0.5994175387152672,2.45
0.34649445945983354,-0.5558478131536311,2.55
0.34649445945983354,-0.5139232255614766,3.38
0.34649445945983354,-0.4735075697184635,2.4
0.34649445945983354,-0.4344815042830214,2.54
0.34649445945983354,-0.3967398316991988,2.74
0.34649445945983354,-0.36018930990811704,2.54
0.34649445945983354,-0.3247468756213473,2.42
0.34649445945983354,-0.290338189061288,2.55
0.34649445945983354,-0.2568964323718745,2.41
0.34649445945983354,-0.2243613100898303,2.5
0.34649445945983354,-0.19267821196853815,3.03
0.34649445945983354,-0.1617975073017256,2.09
0.34649445945983354,-0.13167394655485581,2.39
0.34649445945983354,-0.10226615117333404,2.43
0.34649445945983354,-0.07353617631883969,2.43
0.34649445945983354,-0.045449134289415924,2.38
0.34649445945983354,-0.017972868723021947,2.9
0.34649445945983354,0.008922328472556626,2.43
0.34649445945983354,0.035263964060709425,2.57
0.34649445945983354,0.061077559721026665,2.36
0.34649445945983354,0.08638684209709599,2.84
0.34649445945983354,0.11121391039132836,2.91
0.34649445945983354,0.13557938463830435,2.43
0.34649445945983354,0.15950253728775815,2.81
0.34649445945983354,0.1830014103175806,3.17
0.34649445945983354,0.20609291975843996,2.42
0.34649445945983354,0.2287929492308504,2.44
0.34649445945983354,0.2511164338617944,2.65
0.34649445945983354,0.2730774357526321,2.46
0.34649445945983354,0.29468921200603754,2.35
0.34649445945983354,0.3159642761815078,2.37
0.34649445945983354,0.3369144539321443,2.36
0.34649445945983354,0.3575509334761915,2.98
0.34649445945983354,0.3778843114723592,2.54
0.34649445945983354,0.3979246347957856,2.5
0.34649445945983354,0.41768143864960566,2.35
0.34649445945983354,0.437163781393963,2.44
0.34649445945983354,0.45638027642838047,2.4
0.34649445945983354,0.4753391214238404,2.45
0.34649445945983354,0.4940481251664976,2.48
0.34649445945983354,0.5125147322451269,2.75
0.34649445945983354,0.5307460457883441,2.38
0.34649445945983354,0.5487488484349535,2.46
0.5170809324447467,-2.4041020414735232,2.56
0.5170809324447467,-2.082276702982297,2.53
0.5170809324447467,-1.86874298697019,2.5
0.5170809324447467,-1.704660426620146,2.48
0.5170809324447467,-1.5696752228679625,2.47
0.5170809324447467,-1.454108971920245,2.49
0.5170809324447467,-1.352535328459298,2.35
0.5170809324447467,-1.2615814172353588,2.62
0.5170809324447467,-1.1789959480865158,2.68
0.5170809324447467,-1.1031954733446314,2.54
0.5170809324447467,-1.0330205937810208,2.53
0.5170809324447467,-0.9675949095089756,2.44
0.5170809324447467,-0.9062385567533586,2.65
0.5170809324447467,-0.8484126810366042,2.53
0.5170809324447467,-0.7936823851984369,2.43
0.5170809324447467,-0.7416911983902218,2.53
0.5170809324447467,-0.6921429962693284,2.37
0.5170809324447467,-0.6447888926618692,2.31
0.5170809324447467,-0.5994175387152672,2.48
0.5170809324447467,-0.5558478131536311,2.49
0.5170809324447467,-0.5139232255614766,2.78
0.5170809324447467,-0.4735075697184635,2.35
0.5170809324447467,-0.4344815042830214,2.66
0.5170809324447467,-0.3967398316991988,2.44
0.5170809324447467,-0.36018930990811704,2.47
0.5170809324447467,-0.3247468756213473,2.59
0.5170809324447467,-0.290338189061288,2.56
0.5170809324447467,-0.2568964323718745,2.67
0.5170809324447467,-0.2243613100898303,2.41
0.5170809324447467,-0.19267821196853815,2.51
0.5170809324447467,-0.1617975073017256,2.37
0.5170809324447467,-0.13167394655485581,2.37
0.5170809324447467,-0.10226615117333404,2.55
0.5170809324447467,-0.07353617631883969,2.45
0.5170809324447467,-0.045449134289415924,2.52
0.5170809324447467,-0.017972868723021947,2.55
0.5170809324447467,0.008922328472556626,2.48
0.5170809324447467,0.035263964060709425,3.36
0.5170809324447467,0.061077559721026665,2.58
0.5170809324447467,0.08638684209709599,2.5
0.5170809324447467,0.11121391039132836,2.35
0.5170809324447467,0.13557938463830435,2.53
0.5170809324447467,0.15950253728775815,2.39
0.5170809324447467,0.1830014103175806,2.6
0.5170809324447467,0.20609291975843996,2.57
0.5170809324447467,0.2287929492308504,2.42
0.5170809324447467,0.2511164338617944,2.5
0.5170809324447467,0.2730774357526321,2.4
0.5170809324447467,0.29468921200603754,2.57
0.5170809324447467,0.3159642761815078,2.32
0.5170809324447467,0.3369144539321443,2.43
0.5170809324447467,0.3575509334761915,2.63
0.5170809324447467,0.3778843114723592,2.49
0.5170809324447467,0.3979246347957856,2.54
0.5170809324447467,0.41768143864960566,2.49
0.5170809324447467,0.437163781393963,2.37
0.5170809324447467,0.45638027642838047,2.32
0.5170809324447467,0.4753391214238404,2.41
0.5170809324447467,0.4940481251664976,2.73
0.5170809324447467,0.5125147322451269,2.45
0.5170809324447467,0.5307460457883441,2.45
0.5170809324447467,0.5487488484349535,2.33
0.5170809324447467,0.5665296217008319,2.48
0.5170809324447467,0.5840945638883439,2.59
0.5170809324447467,0.6014496066689001,2.68
0.5170809324447467,0.6186004304557555,2.55
0.5170809324447467,0.6355524786722138,2.54
0.5170809324447467,0.6523109710098142,2.56
0.5170809324447467,0.6688809157617327,2.6
0.5170809324447467,0.6852671213083008,2.4
0.5170809324447467,0.7014742068241603,2.52
0.5170809324447467,0.7175066122699557,2.49
0.5170809324447467,0.7333686077256167,2.5
0.5170809324447467,0.7490643021169818,2.45
0.5170809324447467,0.7645976513828384,2.62
0.5170809324447467,0.7799724661251993,2.43
0.5170809324447467,0.795192418781857,2.41
0.5170809324447467,0.810261050356838,2.33
0.5170809324447467,0.8251817767412929,2.49
0.5170809324447467,0.8399578946546022,2.73
0.5170809324447467,0.854592587232954,2.49
0.5170809324447467,0.8690889292903738,2.63
0.5170809324447467,0.8834498922751791,2.73
0.5170809324447467,0.8976783489428971,2.38
0.5170809324447467,0.9117770777650576,2.6
0.5170809324447467,0.9257487670917043,2.39
0.5170809324447467,0.9395960190840656,2.44
0.5170809324447467,0.9533213534325731,2.38
0.5732157803835339,-2.4041020414735232,2.78
0.5732157803835339,-2.082276702982297,2.28
0.5732157803835339,-1.86874298697019,2.37
0.5732157803835339,-1.704660426620146,2.7
0.5732157803835339,-1.5696752228679625,2.87
0.5732157803835339,-1.454108971920245,2.25
0.5732157803835339,-1.352535328459298,2.58
0.5732157803835339,-1.2615814172353588,2.77
0.5732157803835339,-1.1789959480865158,2.88
0.5732157803835339,-1.1031954733446314,2.67
0.5732157803835339,-1.0330205937810208,2.81
0.5732157803835339,-0.9675949095089756,2.52
0.5732157803835339,-0.9062385567533586,2.28
0.5732157803835339,-0.8484126810366042,2.59
0.5732157803835339,-0.7936823851984369,2.51
0.5732157803835339,-0.7416911983902218,2.69
0.5732157803835339,-0.6921429962693284,2.48
0.5732157803835339,-0.6447888926618692,2.52
0.5732157803835339,-0.5994175387152672,2.67
0.5732157803835339,-0.5558478131536311,2.63
0.5732157803835339,-0.5139232255614766,2.47
0.5732157803835339,-0.4735075697184635,2.57
0.5732157803835339,-0.4344815042830214,2.38
0.5732157803835339,-0.3967398316991988,2.52
0.5732157803835339,-0.36018930990811704,2.57
0.5732157803835339,-0.3247468756213473,2.7
0.5732157803835339,-0.290338189061288,2.26
0.5732157803835339,-0.2568964323718745,2.3
0.5732157803835339,-0.2243613100898303,2.35
0.5732157803835339,-0.19267821196853815,2.57
0.5732157803835339,-0.1617975073017256,2.6
0.5732157803835339,-0.13167394655485581,2.7
0.5732157803835339,-0.10226615117333404,2.48
0.5732157803835339,-0.07353617631883969,2.5
0.5732157803835339,-0.045449134289415924,2.58
0.5732157803835339,-0.017972868723021947,2.46
0.5732157803835339,0.008922328472556626,2.64
0.5732157803835339,0.035263964060709425,2.31
0.5732157803835339,0.061077559721026665,2.5
0.5732157803835339,0.08638684209709599,2.67
0.5732157803835339,0.11121391039132836,2.58
0.5732157803835339,0.13557938463830435,2.83
0.5732157803835339,0.15950253728775815,2.98
0.5732157803835339,0.1830014103175806,2.74
0.5732157803835339,0.20609291975843996,2.53
0.5732157803835339,0.2287929492308504,2.38
0.5732157803835339,0.2511164338617944,2.49
0.5732157803835339,0.2730774357526321,2.64
0.5732157803835339,0.29468921200603754,2.56
0.5732157803835339,0.3159642761815078,2.5
0.5732157803835339,0.3369144539321443,2.53
0.5732157803835339,0.3575509334761915,2.41
0.5732157803835339,0.3778843114723592,2.56
0.5732157803835339,0.3979246347957856,2.72
0.5732157803835339,0.41768143864960566,2.53
0.5732157803835339,0.437163781393963,2.53
0.5732157803835339,0.45638027642838047,2.55
0.5732157803835339,0.4753391214238404,2.58
0.5732157803835339,0.4940481251664976,2.6
0.5732157803835339,0.5125147322451269,2.36
0.5732157803835339,0.5307460457883441,2.36
0.5732157803835339,0.5487488484349535,2.52
0.5732157803835339,0.5665296217008319,2.61
0.5732157803835339,0.5840945638883439,2.34
0.5732157803835339,0.6014496066689001,2.8
0.5732157803835339,0.6186004304557555,2.64
0.5732157803835339,0.6355524786722138,2.7
0.5732157803835339,0.6523109710098142,2.64
0.5732157803835339,0.6688809157617327,2.48
0.5732157803835339,0.6852671213083008,2.93
0.5732157803835339,0.7014742068241603,2.4
0.5732157803835339,0.7175066122699557,2.5
0.5732157803835339,0.7333686077256167,2.74
0.5732157803835339,0.7490643021169818,2.43
0.5732157803835339,0.7645976513828384,2.46
0.5732157803835339,0.7799724661251993,2.37
0.5732157803835339,0.795192418781857,2.7
0.6290055781920834,-2.4041020414735232,2.16
0.6290055781920834,-2.082276702982297,2.4
0.6290055781920834,-1.86874298697019,2.59
0.6290055781920834,-1.704660426620146,2.32
0.6290055781920834,-1.5696752228679625,2.6
0.6290055781920834,-1.454108971920245,2.38
0.6290055781920834,-1.352535328459298,2.29
0.6290055781920834,-1.2615814172353588,2.11
0.6290055781920834,-1.1789959480865158,2.49
0.6290055781920834,-1.1031954733446314,2.41
0.6290055781920834,-1.0330205937810208,2.24
0.6290055781920834,-0.9675949095089756,2.26
0.6290055781920834,-0.9062385567533586,2.32
0.6290055781920834,-0.8484126810366042,2.66
0.6290055781920834,-0.7936823851984369,2.45
0.6290055781920834,-0.7416911983902218,2.76
0.6290055781920834,-0.6921429962693284,2.38
0.6290055781920834,-0.6447888926618692,2.39
0.6290055781920834,-0.5994175387152672,2.08
0.6290055781920834,-0.5558478131536311,2.39
0.6290055781920834,-0.5139232255614766,2.22
0.6290055781920834,-0.4735075697184635,2.61
0.6290055781920834,-0.4344815042830214,2.62
0.6290055781920834,-0.3967398316991988,2.75
0.6290055781920834,-0.36018930990811704,2.96
0.6290055781920834,-0.3247468756213473,2.41
0.6290055781920834,-0.290338189061288,2.65
0.6290055781920834,-0.2568964323718745,2.22
0.6290055781920834,-0.2243613100898303,2.45
0.6290055781920834,-0.19267821196853815,2.7
0.6290055781920834,-0.1617975073017256,2.46
0.6290055781920834,-0.13167394655485581,2.18
0.6290055781920834,-0.10226615117333404,2.5
0.6290055781920834,-0.07353617631883969,2.66
0.6290055781920834,-0.045449134289415924,1.97
0.6290055781920834,-0.017972868723021947,2.78
0.6844605890138751,-2.4041020414735232,2.55
0.6844605890138751,-2.082276702982297,2.26
0.6844605890138751,-1.86874298697019,2.36
0.6844605890138751,-1.704660426620146,2.38
0.6844605890138751,-1.5696752228679625,2.43
0.6844605890138751,-1.454108971920245,2.61
0.6844605890138751,-1.352535328459298,2.41
0.6844605890138751,-1.2615814172353588,2.52
0.6844605890138751,-1.1789959480865158,2.65
0.6844605890138751,-1.1031954733446314,2.42
0.6844605890138751,-1.0330205937810208,2.28
0.6844605890138751,-0.9675949095089756,2.2
0.6844605890138751,-0.9062385567533586,2.48
0.6844605890138751,-0.8484126810366042,2.47
0.6844605890138751,-0.7936823851984369,2.66
0.6844605890138751,-0.7416911983902218,2.39
0.6844605890138751,-0.6921429962693284,2.38
0.6844605890138751,-0.6447888926618692,2.52
0.6844605890138751,-0.5994175387152672,2.4
0.6844605890138751,-0.5558478131536311,2.42
0.6844605890138751,-0.5139232255614766,2.38
0.6844605890138751,-0.4735075697184635,2.41
0.6844605890138751,-0.4344815042830214,2.65
0.6844605890138751,-0.3967398316991988,2.34
0.6844605890138751,-0.36018930990811704,2.43
0.6844605890138751,-0.3247468756213473,2.41
0.6844605890138751,-0.290338189061288,1.86
0.6844605890138751,-0.2568964323718745,2.56
0.6844605890138751,-0.2243613100898303,2.46
0.6844605890138751,-0.19267821196853815,2.33
0.6844605890138751,-0.1617975073017256,2.36
0.6844605890138751,-0.13167394655485581,2.41
0.6844605890138751,-0.10226615117333404,2.38
0.6844605890138751,-0.07353617631883969,2.61
0.6844605890138751,-0.045449134289415924,2.41
0.6844605890138751,-0.017972868723021947,2.64
0.6844605890138751,0.008922328472556626,2.38
0.6844605890138751,0.035263964060709425,2.54
0.6844605890138751,0.061077559721026665,2.6
0.6844605890138751,0.08638684209709599,2.39
0.6844605890138751,0.11121391039132836,2.42
0.6844605890138751,0.13557938463830435,2.29
0.6844605890138751,0.15950253728775815,2.37
0.6844605890138751,0.1830014103175806,2.46
0.6844605890138751,0.20609291975843996,2.89
0.6844605890138751,0.2287929492308504,2.57
0.6844605890138751,0.2511164338617944,2.41
0.6844605890138751,0.2730774357526321,2.56
0.6844605890138751,0.29468921200603754,2.27
0.6844605890138751,0.3159642761815078,2.49
0.6844605890138751,0.3369144539321443,2.59
0.6844605890138751,0.3575509334761915,2.66
0.6844605890138751,0.3778843114723592,2.57
0.6844605890138751,0.3979246347957856,2.38
0.6844605890138751,0.41768143864960566,2.62
0.6844605890138751,0.437163781393963,2.42
0.6844605890138751,0.45638027642838047,2.22
0.6844605890138751,0.4753391214238404,2.41
0.6844605890138751,0.4940481251664976,2.47
0.6844605890138751,0.5125147322451269,2.38
0.6844605890138751,0.5307460457883441,2.38
0.6844605890138751,0.5487488484349535,2.35
0.6844605890138751,0.5665296217008319,2.42
0.6844605890138751,0.5840945638883439,2.47
0.6844605890138751,0.6014496066689001,2.33
0.6844605890138751,0.6186004304557555,2.52
0.6844605890138751,0.6355524786722138,2.57
2.227917119802898,-2.4041020414735232,2.99
2.227917119802898,-2.082276702982297,3.09
2.227917119802898,-1.86874298697019,2.69
2.227917119802898,-1.704660426620146,3.1
2.227917119802898,-1.5696752228679625,2.85
2.227917119802898,-1.454108971920245,2.97
2.227917119802898,-1.352535328459298,2.81
2.227917119802898,-1.2615814172353588,3.02
2.227917119802898,-1.1789959480865158,2.98
2.227917119802898,-1.1031954733446314,3.16
2.227917119802898,-1.0330205937810208,2.68
2.227917119802898,-0.9675949095089756,2.94
2.227917119802898,-0.9062385567533586,2.72
2.227917119802898,-0.8484126810366042,2.84
2.227917119802898,-0.7936823851984369,3.22
2.227917119802898,-0.7416911983902218,2.6
2.227917119802898,-0.6921429962693284,2.85
2.227917119802898,-0.6447888926618692,2.81
2.227917119802898,-0.5994175387152672,2.79
2.227917119802898,-0.5558478131536311,3.04
2.227917119802898,-0.5139232255614766,3.03
2.227917119802898,-0.4735075697184635,2.94
2.227917119802898,-0.4344815042830214,3.13
2.227917119802898,-0.3967398316991988,3.23
2.227917119802898,-0.36018930990811704,3.01
2.227917119802898,-0.3247468756213473,3.09
2.227917119802898,-0.290338189061288,2.7
2.227917119802898,-0.27350035529783306,2.84
2.227917119802898,-0.2568964323718745,3.33
2.227917119802898,-0.2243613100898303,2.74
2.227917119802898,-0.19267821196853815,3.08
2.227917119802898,-0.1617975073017256,2.67
2.227917119802898,-0.13167394655485581,3.03
2.227917119802898,-0.10226615117333404,2.89
2.227917119802898,-0.07353617631883969,2.6
2.227917119802898,-0.045449134289415924,3.01
2.227917119802898,-0.017972868723021947,2.88
2.227917119802898,0.008922328472556626,3.26
2.227917119802898,0.035263964060709425,2.93
2.227917119802898,0.061077559721026665,3.07
2.227917119802898,0.08638684209709599,2.93
2.227917119802898,0.11121391039132836,2.81
2.227917119802898,0.13557938463830435,2.93
2.227917119802898,0.15950253728775815,2.99
2.227917119802898,0.1830014103175806,3.15
2.227917119802898,0.20609291975843996,2.86
2.227917119802898,0.2287929492308504,2.59
2.227917119802898,0.2511164338617944,3.3
2.227917119802898,0.2730774357526321,2.86
2.227917119802898,0.29468921200603754,2.7
2.227917119802898,0.3159642761815078,3.14
2.227917119802898,0.3369144539321443,3.29
2.227917119802898,0.3575509334761915,3.04
2.227917119802898,0.3778843114723592,3.44
2.227917119802898,0.3979246347957856,3.27
2.227917119802898,0.41768143864960566,2.87
2.227917119802898,0.437163781393963,2.98
2.227917119802898,0.45638027642838047,2.75
2.227917119802898,0.4753391214238404,2.78
2.227917119802898,0.4940481251664976,2.73
2.227917119802898,0.5125147322451269,3.09
2.227917119802898,0.5307460457883441,3.41
2.227917119802898,0.5487488484349535,2.71
2.227917119802898,0.5665296217008319,2.7
2.227917119802898,0.5840945638883439,2.47
2.227917119802898,0.6014496066689001,2.91
2.227917119802898,0.6186004304557555,2.95
2.227917119802898,0.6355524786722138,2.96
2.227917119802898,0.6523109710098142,3.29
2.227917119802898,0.6688809157617327,2.94
2.227917119802898,0.6852671213083008,2.87
2.227917119802898,0.7014742068241603,3.1
2.227917119802898,0.7175066122699557,3.06
2.227917119802898,0.7333686077256167,3.27
2.227917119802898,0.7490643021169818,3.29
2.227917119802898,0.7645976513828384,3.06
2.227917119802898,0.7799724661251993,2.97
2.227917119802898,0.795192418781857,3.75
0.7944046605620573,-2.4041020414735232,2.38
0.7944046605620573,-2.082276702982297,2.38
0.7944046605620573,-1.86874298697019,2.27
0.7944046605620573,-1.704660426620146,2.53
0.7944046605620573,-1.5696752228679625,2.42
0.8489117207663442,-2.4041020414735232,2.52
0.8489117207663442,-2.082276702982297,2.53
0.8489117207663442,-1.86874298697019,2.58
0.8489117207663442,-1.704660426620146,2.55
0.8489117207663442,-1.5696752228679625,2.41
0.8489117207663442,-1.454108971920245,2.61
0.8489117207663442,-1.352535328459298,2.51
0.8489117207663442,-1.2615814172353588,2.75
0.8489117207663442,-1.1789959480865158,2.45
0.8489117207663442,-1.1031954733446314,2.44
0.8489117207663442,-1.0330205937810208,2.68
0.8489117207663442,-0.9675949095089756,2.61
0.8489117207663442,-0.9062385567533586,2.52
0.8489117207663442,-0.8484126810366042,2.47
0.8489117207663442,-0.7936823851984369,2.53
0.8489117207663442,-0.7416911983902218,2.52
0.8489117207663442,-0.6921429962693284,2.69
0.8489117207663442,-0.6447888926618692,2.77
0.8489117207663442,-0.5994175387152672,2.6
0.8489117207663442,-0.5558478131536311,2.52
0.8489117207663442,-0.5139232255614766,2.61
0.8489117207663442,-0.4735075697184635,2.55
0.8489117207663442,-0.4344815042830214,2.58
0.8489117207663442,-0.3967398316991988,2.52
0.8489117207663442,-0.36018930990811704,2.53
0.8489117207663442,-0.3247468756213473,2.43
0.8489117207663442,-0.290338189061288,2.85
0.8489117207663442,-0.2568964323718745,2.58
0.8489117207663442,-0.2243613100898303,2.7
0.8489117207663442,-0.19267821196853815,2.54
0.8489117207663442,-0.1617975073017256,2.63
0.8489117207663442,-0.13167394655485581,2.54
0.8489117207663442,-0.10226615117333404,2.15
0.8489117207663442,-0.07353617631883969,2.67
0.8489117207663442,-0.045449134289415924,2.5
0.8489117207663442,-0.017972868723021947,2.55
0.8489117207663442,0.008922328472556626,2.43
0.8489117207663442,0.035263964060709425,2.63
0.8489117207663442,0.061077559721026665,2.53
0.8489117207663442,0.08638684209709599,2.53
0.8489117207663442,0.11121391039132836,2.78
0.8489117207663442,0.13557938463830435,2.58
0.8489117207663442,0.15950253728775815,2.6
0.8489117207663442,0.1830014103175806,2.37
0.8489117207663442,0.20609291975843996,2.64
0.8489117207663442,0.2287929492308504,2.61
0.9031200612656628,-2.082276702982297,2.24
0.9031200612656628,-1.86874298697019,2.31
0.9031200612656628,-1.704660426620146,3.24
0.9031200612656628,-1.5696752228679625,2.23
0.9031200612656628,-1.454108971920245,2.38
0.9031200612656628,-1.352535328459298,2.29
0.9031200612656628,-1.2615814172353588,2.47
0.9031200612656628,-1.1789959480865158,3.73
0.9031200612656628,-1.1031954733446314,2.49
0.9031200612656628,-1.0330205937810208,2.27
0.9031200612656628,-0.9675949095089756,2.78
0.9031200612656628,-0.9062385567533586,2.21
0.9031200612656628,-0.8484126810366042,2.21
0.9031200612656628,-0.7936823851984369,2.28
0.9031200612656628,-0.7416911983902218,3.37
0.9031200612656628,-0.6921429962693284,2.12
0.9031200612656628,-0.6447888926618692,2.2
0.9031200612656628,-0.5994175387152672,2.15
0.9031200612656628,-0.5558478131536311,2.25
0.9031200612656628,-0.5139232255614766,3.36
0.9031200612656628,-0.4735075697184635,2.22
0.9031200612656628,-0.4344815042830214,2.3
0.9031200612656628,-0.3967398316991988,2.14
0.9031200612656628,-0.36018930990811704,2.16
0.9031200612656628,-0.3247468756213473,2.2
0.9031200612656628,-0.290338189061288,2.12
0.9031200612656628,-0.2568964323718745,2.39
0.9031200612656628,-0.2243613100898303,2.64
0.9031200612656628,-0.19267821196853815,2.19
0.9031200612656628,-0.1617975073017256,2.96
0.9031200612656628,-0.13167394655485581,2.48
0.9031200612656628,-0.10226615117333404,2.3
0.9031200612656628,-0.07353617631883969,2.23
0.9031200612656628,-0.045449134289415924,2.52
0.9031200612656628,-0.017972868723021947,3.05
0.9031200612656628,0.008922328472556626,2.31
0.9031200612656628,0.035263964060709425,1.83
0.9031200612656628,0.061077559721026665,2.18
0.9031200612656628,0.08638684209709599,2.38
0.9031200612656628,0.11121391039132836,2.22
0.9031200612656628,0.13557938463830435,2.74
0.9031200612656628,0.15950253728775815,2.74
0.9031200612656628,0.1830014103175806,2.37
0.9031200612656628,0.20609291975843996,1.89
0.9031200612656628,0.2287929492308504,2.52
0.9031200612656628,0.2511164338617944,2.42
0.9031200612656628,0.2730774357526321,3.04
0.9031200612656628,0.29468921200603754,2.24
0.9031200612656628,0.3159642761815078,2.48
0.9031200612656628,0.3369144539321443,2.3
0.9031200612656628,0.3472712303326008,4.73
0.9031200612656628,0.3575509334761915,2.46
0.9031200612656628,0.3778843114723592,2.21
0.9031200612656628,0.3979246347957856,2.11
0.9031200612656628,0.41768143864960566,2.74
0.9031200612656628,0.437163781393963,2.09
0.9031200612656628,0.4753391214238404,2.41
0.9031200612656628,0.4940481251664976,2.34
0.9031200612656628,0.5125147322451269,2.34
0.9031200612656628,0.5307460457883441,3.62
0.9031200612656628,0.5487488484349535,2.08
0.9031200612656628,0.5665296217008319,2.31
0.9031200612656628,0.5840945638883439,2.48
0.9031200612656628,0.6014496066689001,2.21
0.9031200612656628,0.6523109710098142,2.33
0.9031200612656628,0.6688809157617327,3.5
0.9570376241655026,-2.4041020414735232,2.43
0.9570376241655026,-2.082276702982297,2.72
0.9570376241655026,-1.86874298697019,2.37
0.9570376241655026,-1.704660426620146,2.75
0.9570376241655026,-1.5696752228679625,2.51
0.9570376241655026,-1.454108971920245,2.58
0.9570376241655026,-1.352535328459298,2.48
0.9570376241655026,-1.2615814172353588,2.53
0.9570376241655026,-1.1789959480865158,2.45
0.9570376241655026,-1.1031954733446314,2.31
0.9570376241655026,-1.0330205937810208,2.7
0.9570376241655026,-0.9675949095089756,2.66
0.9570376241655026,-0.9062385567533586,2.4
0.9570376241655026,-0.8484126810366042,2.37
0.9570376241655026,-0.7936823851984369,2.38
0.9570376241655026,-0.7416911983902218,2.49
0.9570376241655026,-0.6921429962693284,2.64
0.9570376241655026,-0.6447888926618692,2.35
0.9570376241655026,-0.5994175387152672,2.41
0.9570376241655026,-0.5558478131536311,2.3
0.9570376241655026,-0.5139232255614766,2.7
0.9570376241655026,-0.4735075697184635,2.69
0.9570376241655026,-0.4344815042830214,2.51
0.9570376241655026,-0.3967398316991988,2.58
0.9570376241655026,-0.36018930990811704,2.43
0.9570376241655026,-0.3247468756213473,2.4
0.9570376241655026,-0.290338189061288,2.49
0.9570376241655026,-0.2568964323718745,2.49
0.9570376241655026,-0.2243613100898303,2.52
0.9570376241655026,-0.19267821196853815,2.38
0.9570376241655026,-0.1617975073017256,2.55
0.9570376241655026,-0.13167394655485581,2.54
0.9570376241655026,-0.10226615117333404,2.48
0.9570376241655026,-0.07353617631883969,2.35
0.9570376241655026,-0.045449134289415924,2.59
0.9570376241655026,-0.017972868723021947,2.58
0.9570376241655026,0.008922328472556626,2.42
0.9570376241655026,0.035263964060709425,2.57
0.9570376241655026,0.061077559721026665,2.57
0.9570376241655026,0.08638684209709599,2.36
0.9570376241655026,0.11121391039132836,2.6
0.9570376241655026,0.13557938463830435,2.49
0.9570376241655026,0.15950253728775815,2.53
0.9570376241655026,0.1830014103175806,2.49
0.9570376241655026,0.20609291975843996,2.58
0.9570376241655026,0.2287929492308504,2.29
0.9570376241655026,0.2511164338617944,2.39
0.9570376241655026,0.2730774357526321,2.38
0.9570376241655026,0.29468921200603754,2.5
0.9570376241655026,0.3159642761815078,2.59
0.9570376241655026,0.3369144539321443,2.49
0.9570376241655026,0.3575509334761915,2.43
0.9570376241655026,0.3778843114723592,2.49
0.9570376241655026,0.3979246347957856,2.58
0.9570376241655026,0.41768143864960566,2.61
0.9570376241655026,0.437163781393963,2.53
0.9570376241655026,0.45638027642838047,2.56
0.9570376241655026,0.4753391214238404,2.43
0.9570376241655026,0.4940481251664976,2.57
0.9570376241655026,0.5125147322451269,2.55
0.9570376241655026,0.5307460457883441,2.51
0.9570376241655026,0.5487488484349535,2.6
0.9570376241655026,0.5665296217008319,2.76
0.9570376241655026,0.5840945638883439,2.55
0.9570376241655026,0.6014496066689001,2.52
0.9570376241655026,0.6186004304557555,2.42
0.9570376241655026,0.6355524786722138,2.45
0.9570376241655026,0.6523109710098142,2.4
0.9570376241655026,0.6688809157617327,2.25
0.9570376241655026,0.6852671213083008,2.44
0.9570376241655026,0.7014742068241603,2.38
0.9570376241655026,0.7175066122699557,2.51
0.9570376241655026,0.7333686077256167,2.4
0.9570376241655026,0.7490643021169818,2.7
0.9570376241655026,0.7645976513828384,2.76
0.9570376241655026,0.7799724661251993,2.61
0.9570376241655026,0.795192418781857,2.56
0.9570376241655026,0.810261050356838,2.52
0.9570376241655026,0.8251817767412929,2.65
0.9570376241655026,0.8399578946546022,2.53
0.9570376241655026,0.854592587232954,2.57
0.9570376241655026,0.8690889292903738,2.32
0.9570376241655026,0.8834498922751791,2.7
0.9570376241655026,0.8976783489428971,2.82
0.9570376241655026,0.9117770777650576,2.65
0.9570376241655026,0.9257487670917043,2.36
0.9570376241655026,0.9395960190840656,2.59
0.9570376241655026,0.9533213534325731,2.61
0.9570376241655026,0.9669272108742331,2.51
0.9570376241655026,0.9804159565223062,2.29
0.9570376241655026,0.9937898830202718,2.48
0.9570376241655026,1.007051213531184,2.32
0.9570376241655026,1.0202021045726761,2.65
0.9570376241655026,1.033244648707185,2.86
0.9570376241655026,1.0461808770962104,2.72
1.010671979728026,-2.4041020414735232,2.68
1.010671979728026,-2.082276702982297,3.05
1.010671979728026,-1.86874298697019,2.77
1.010671979728026,-1.704660426620146,2.46
1.010671979728026,-1.5696752228679625,2.6
1.010671979728026,-1.454108971920245,2.63
1.010671979728026,-1.352535328459298,3.04
1.010671979728026,-1.2615814172353588,2.59
1.010671979728026,-1.1789959480865158,2.92
1.010671979728026,-1.1031954733446314,2.45
1.010671979728026,-1.0330205937810208,2.94
1.010671979728026,-0.9675949095089756,2.06
1.010671979728026,-0.9062385567533586,2.85
1.010671979728026,-0.8484126810366042,2.89
1.010671979728026,-0.7936823851984369,2.9
1.010671979728026,-0.7416911983902218,2.55
1.010671979728026,-0.6921429962693284,2.69
1.010671979728026,-0.6447888926618692,2.52
1.010671979728026,-0.5994175387152672,2.63
1.010671979728026,-0.5558478131536311,2.85
1.010671979728026,-0.5139232255614766,2.58
1.010671979728026,-0.4735075697184635,2.27
1.010671979728026,-0.4344815042830214,2.47
1.010671979728026,-0.3967398316991988,3.31
1.010671979728026,-0.36018930990811704,2.71
1.010671979728026,-0.3247468756213473,2.67
1.010671979728026,-0.290338189061288,2.58
1.010671979728026,-0.2568964323718745,2.85
1.010671979728026,-0.2243613100898303,2.68
1.010671979728026,-0.19267821196853815,2.55
1.010671979728026,-0.1617975073017256,3.42
1.010671979728026,-0.13167394655485581,2.81
1.010671979728026,-0.10226615117333404,2.62
1.010671979728026,-0.07353617631883969,2.56
1.010671979728026,-0.045449134289415924,3.14
1.010671979728026,-0.017972868723021947,2.84
1.010671979728026,0.008922328472556626,2.74
1.010671979728026,0.035263964060709425,2.44
1.010671979728026,0.061077559721026665,2.51
1.010671979728026,0.08638684209709599,2.79
1.010671979728026,0.11121391039132836,1.95
1.010671979728026,0.13557938463830435,2.49
1.010671979728026,0.15950253728775815,2.81
1.010671979728026,0.1830014103175806,2.7
1.010671979728026,0.20609291975843996,2.67
1.010671979728026,0.2287929492308504,2.7
1.010671979728026,0.2511164338617944,2.62
1.010671979728026,0.2730774357526321,3.3
1.010671979728026,0.29468921200603754,2.61
1.010671979728026,0.3159642761815078,2.86
1.010671979728026,0.3369144539321443,2.38
1.010671979728026,0.3575509334761915,3.01
1.010671979728026,0.3778843114723592,2.53
1.010671979728026,0.3979246347957856,2.71
1.010671979728026,0.41768143864960566,2.86
1.010671979728026,0.437163781393963,3.09
1.010671979728026,0.45638027642838047,2.79
1.010671979728026,0.4753391214238404,2.74
1.010671979728026,0.4940481251664976,3.05
1.010671979728026,0.5125147322451269,2.67
1.010671979728026,0.5307460457883441,2.8
1.010671979728026,0.5487488484349535,2.66
1.010671979728026,0.5665296217008319,2.36
1.010671979728026,0.5840945638883439,2.96
1.010671979728026,0.6014496066689001,2.53
1.010671979728026,0.6186004304557555,2.8
1.010671979728026,0.6355524786722138,2.55
1.010671979728026,0.6523109710098142,2.91
1.010671979728026,0.6688809157617327,2.54
1.010671979728026,0.6852671213083008,2.95
1.010671979728026,0.7014742068241603,3.14
1.010671979728026,0.7175066122699557,2.62
1.010671979728026,0.7333686077256167,2.86
1.010671979728026,0.7490643021169818,2.56
1.010671979728026,0.7645976513828384,2.55
1.010671979728026,0.7799724661251993,2.29
1.010671979728026,0.795192418781857,2.54
1.010671979728026,0.810261050356838,2.3
1.010671979728026,0.8251817767412929,3.17
1.010671979728026,0.8399578946546022,2.46
1.010671979728026,0.854592587232954,2.44
1.010671979728026,0.8690889292903738,3.14
1.010671979728026,0.8834498922751791,3.35
1.010671979728026,0.8976783489428971,2.66
1.010671979728026,0.9117770777650576,2.7
1.010671979728026,0.9257487670917043,2.36
1.010671979728026,0.9395960190840656,2.74
1.010671979728026,0.9533213534325731,2.54
1.010671979728026,0.9669272108742331,3.07
1.010671979728026,0.9804159565223062,2.59
1.010671979728026,0.9937898830202718,2.55
1.010671979728026,1.007051213531184,2.61
1.010671979728026,1.0202021045726761,2.63
1.010671979728026,1.033244648707185,2.89
1.010671979728026,1.0461808770962104,2.86
1.010671979728026,1.059012761926854,2.71
1.010671979728026,1.0717422187182857,2.52
1.010671979728026,1.084371108515233,2.78
1.010671979728026,1.096901239975142,2.42
1.010671979728026,1.1093343713551664,2.64
1.010671979728026,1.1216722124047451,2.88
1.010671979728026,1.1339164261691512,2.76
1.010671979728026,1.146068630709014,2.61
1.010671979728026,1.1581304007405135,2.2
1.010671979728026,1.1701032692006368,2.78
1.010671979728026,1.181988728741578,2.77
1.010671979728026,1.1937882331581546,2.61
1.010671979728026,1.2055031987518119,3.62
1.010671979728026,1.2171350056346102,2.63
1.010671979728026,1.2286849989763475,2.8
1.010671979728026,1.240154490197799,2.51
1.010671979728026,1.2515447581128578,2.65
1.010671979728026,1.2628570500222107,2.45
1.010671979728026,1.274092582760998,2.73
1.010671979728026,1.2852525437027942,3.06
1.010671979728026,1.296338091722089,2.77
1.010671979728026,1.3073503581173185,2.62
1.010671979728026,1.318290447496402,2.5
1.010671979728026,1.3291594386265875,2.55
1.010671979728026,1.3399583852503607,2.79
1.010671979728026,1.3506883168690182,2.83
1.010671979728026,1.3613502394954493,2.12
1.010671979728026,1.371945136377595,2.53
1.010671979728026,1.382473968693921,3.09
1.010671979728026,1.3929376762222432,2.97
1.010671979728026,1.4033371779830917,2.84
1.010671979728026,1.4136733728588153,2.26
1.010671979728026,1.4239471401894883,2.83
1.010671979728026,1.4341593403466875,3.05
1.010671979728026,1.444310815286122,2.72
1.010671979728026,1.4544023890800324,3.88
1.010671979728026,1.4644348684302844,2.07
1.010671979728026,1.4744090431629577,2.38
1.010671979728026,1.4843256867052577,2.22
1.010671979728026,1.494185556545504,2.36
1.010671979728026,1.5039893946769058,3.0
1.010671979728026,1.5137379280258267,2.76
1.010671979728026,1.5234318688651736,2.55
1.010671979728026,1.5330719152135417,2.56
1.010671979728026,1.5426587512207055,2.78
1.010671979728026,1.552193047540004,2.66
1.010671979728026,1.561675461688171,3.19
1.010671979728026,1.5711066383931092,2.48
1.010671979728026,1.5804872099300973,2.69
1.010671979728026,1.5898177964468871,2.72
1.010671979728026,1.599099006278144,2.82
1.010671979728026,1.608331436249631,2.77
1.010671979728026,1.617515671972561,2.87
1.010671979728026,1.6266522881284764,2.78
1.010671979728026,1.6357418487450444,2.21
1.010671979728026,1.6447849074630942,2.6
1.010671979728026,1.65378200779525,2.59
1.010671979728026,1.6627336833764663,2.62
1.010671979728026,1.6716404582067685,2.59
1.010671979728026,1.6805028468864998,2.68
1.010671979728026,1.689321354844347,2.8
1.010671979728026,1.6980964785584103,2.32
1.010671979728026,1.7068287057705704,2.26
1.010671979728026,1.7155185156944066,3.18
1.010671979728026,1.7241663792168904,2.37
1.010671979728026,1.7327727590940791,2.7
1.010671979728026,1.7413381101410303,3.48
1.010671979728026,1.7498628794161333,2.98
1.010671979728026,1.7583475064000655,2.25
1.010671979728026,1.766792423169547,2.83
1.010671979728026,1.7751980545660997,2.56
1.010671979728026,1.7835648183599526,2.55
1.010671979728026,1.791893125409287,2.45
1.010671979728026,1.8001833798149676,2.39
1.010671979728026,1.8084359790709148,2.88
1.010671979728026,1.8166513142102758,3.21
1.010671979728026,1.8248297699475176,2.53
1.010671979728026,1.832971724816594,2.41
1.010671979728026,1.8410775513053117,2.52
1.010671979728026,1.8491476159860236,2.7
1.010671979728026,1.8571822796427617,2.88
1.010671979728026,1.8651818973949355,2.62
1.010671979728026,1.8731468188177092,2.72
1.010671979728026,1.8810773880591538,2.86
1.010671979728026,1.8889739439542848,2.52
1.010671979728026,1.8968368201360912,2.57
1.010671979728026,1.9046663451436365,2.62
1.010671979728026,1.9124628425273378,2.63
1.010671979728026,1.9202266309515064,2.78
1.010671979728026,1.927958024294236,3.08
1.010671979728026,1.93565733174472,3.17
1.010671979728026,1.9433248578980766,2.4
1.010671979728026,1.950960902847766,2.68
1.010671979728026,1.9585657622756638,2.77
1.010671979728026,1.9661397275398653,2.61
1.010671979728026,1.9736830857602943,2.55
1.010671979728026,1.9811961199021721,2.93
1.010671979728026,1.9886791088574232,2.65
1.010671979728026,1.9961323275240717,2.38
1.010671979728026,2.003556046883688,3.06
1.010671979728026,2.0109505340769447,2.59
1.010671979728026,2.018316052477341,2.66
1.010671979728026,2.0256528617631413,2.69
1.010671979728026,2.0329612179875887,2.98
1.010671979728026,2.0402413736474356,2.76
1.010671979728026,2.047493577749841,2.75
1.010671979728026,2.054718075877695,2.73
1.010671979728026,2.0619151102533873,2.93
1.010671979728026,2.0690849198010905,2.84
1.010671979728026,2.076227740207593,2.87
1.010671979728026,2.0833438039817063,2.45
1.010671979728026,2.090433340512317,3.0
1.010671979728026,2.097496576125084,2.65
1.010671979728026,2.1045337341378563,2.42
1.010671979728026,2.1115450349148164,2.72
1.010671979728026,2.118530695919399,3.07
1.010671979728026,2.1254909317660213,2.7
1.010671979728026,2.132425954270647,2.45
1.010671979728026,2.139335972500216,3.84
1.010671979728026,2.1462211928209767,2.55
1.010671979728026,2.1530818189457652,2.9
1.010671979728026,2.1599180519802093,2.35
1.010671979728026,2.1667300904679463,2.66
1.010671979728026,2.173518130434843,2.73
1.010671979728026,2.180282365432253,2.81
1.010671979728026,2.187022986579345,2.59
1.010671979728026,2.1937401826045053,1.98
1.010671979728026,2.200434139885869,2.86
1.010671979728026,2.2071050424909777,2.17
1.010671979728026,2.21375307221559,3.08
1.010671979728026,2.2203784086216802,2.54
1.010671979728026,2.2269812290746303,2.57
1.010671979728026,2.233561708779637,2.69
1.010671979728026,2.240120020817378,2.39
1.010671979728026,2.2466563361789125,2.85
1.010671979728026,2.2531708237998713,2.75
1.010671979728026,2.259663650593946,3.13
1.010671979728026,2.2661349814856804,3.2
1.010671979728026,2.2725849794426,2.79
1.010671979728026,2.2790138055066875,2.73
1.010671979728026,2.28542161882521,2.37
1.010671979728026,2.2918085766809413,2.94
1.010671979728026,2.2981748345217614,2.86
1.010671979728026,2.304520545989672,2.68
1.010671979728026,2.310845862949234,3.73
1.010671979728026,2.3171509355154347,2.77
1.010671979728026,2.323435912081018,2.42
1.010671979728026,2.3297009393432533,2.45
1.010671979728026,2.335946162330204,2.41
1.010671979728026,2.342171724426475,3.51
1.010671979728026,2.348377767398447,2.9
1.010671979728026,2.354564431419047,2.9
1.010671979728026,2.3607318550920153,2.84
1.010671979728026,2.366880175475728,2.86
1.010671979728026,2.37300952810655,2.57
1.010671979728026,2.379120047021751,3.01
1.010671979728026,2.3852118647819784,2.54
1.010671979728026,2.391285112493317,3.16
1.010671979728026,2.3973399198289265,3.26
1.0640303509991904,-2.4041020414735232,2.84
1.0640303509991904,-2.082276702982297,3.08
1.0640303509991904,-1.86874298697019,3.19
1.0640303509991904,-1.704660426620146,2.61
1.0640303509991904,-1.5696752228679625,2.43
1.0640303509991904,-1.454108971920245,3.29
1.0640303509991904,-1.352535328459298,2.94
1.0640303509991904,-1.2615814172353588,3.02
1.0640303509991904,-1.1789959480865158,2.75
1.0640303509991904,-1.1031954733446314,2.44
1.0640303509991904,-1.0330205937810208,3.07
1.0640303509991904,-0.9675949095089756,3.29
1.0640303509991904,-0.9062385567533586,2.55
1.0640303509991904,-0.8484126810366042,2.98
1.0640303509991904,-0.7936823851984369,3.4
1.0640303509991904,-0.7416911983902218,3.28
1.0640303509991904,-0.6921429962693284,3.57
1.0640303509991904,-0.6447888926618692,3.03
1.0640303509991904,-0.5994175387152672,3.75
1.0640303509991904,-0.5558478131536311,3.13
1.0640303509991904,-0.5139232255614766,2.9
1.0640303509991904,-0.4735075697184635,2.75
1.0640303509991904,-0.4344815042830214,3.25
1.0640303509991904,-0.3967398316991988,3.22
1.0640303509991904,-0.36018930990811704,3.62
1.0640303509991904,-0.3247468756213473,3.27
1.0640303509991904,-0.290338189061288,2.99
1.0640303509991904,-0.2568964323718745,2.74
1.0640303509991904,-0.2243613100898303,2.94
1.169946430117445,-2.4041020414735232,2.29
1.169946430117445,-2.082276702982297,2.45
1.169946430117445,-1.86874298697019,2.33
1.169946430117445,-1.704660426620146,2.68
1.169946430117445,-1.5696752228679625,2.48
1.169946430117445,-1.454108971920245,2.55
1.169946430117445,-1.352535328459298,2.24
1.169946430117445,-1.2615814172353588,2.5
1.169946430117445,-1.1789959480865158,2.1
1.169946430117445,-1.1031954733446314,2.48
1.169946430117445,-1.0330205937810208,2.19
1.169946430117445,-0.9675949095089756,2.55
1.169946430117445,-0.9062385567533586,2.51
1.169946430117445,-0.8484126810366042,2.37
1.169946430117445,-0.7936823851984369,2.68
1.169946430117445,-0.7416911983902218,2.5
1.169946430117445,-0.6921429962693284,2.48
1.169946430117445,-0.6447888926618692,2.37
1.169946430117445,-0.6218673278801795,2.47
1.169946430117445,-0.5994175387152672,2.57
1.169946430117445,-0.5139232255614766,2.78
1.169946430117445,-0.4735075697184635,2.55
1.169946430117445,-0.4344815042830214,2.35
1.169946430117445,-0.3967398316991988,2.83
1.169946430117445,-0.36018930990811704,2.45
1.169946430117445,-0.3247468756213473,2.43
1.169946430117445,-0.290338189061288,2.74
1.169946430117445,-0.2243613100898303,2.53
1.169946430117445,-0.19267821196853815,2.85
1.169946430117445,-0.1617975073017256,2.84
1.169946430117445,-0.13167394655485581,2.46
1.169946430117445,-0.10226615117333404,2.5
1.169946430117445,-0.07353617631883969,2.36
1.169946430117445,-0.045449134289415924,2.72
1.169946430117445,-0.017972868723021947,2.32
1.169946430117445,0.008922328472556626,2.57
1.169946430117445,0.035263964060709425,2.5
1.169946430117445,0.061077559721026665,2.24
1.169946430117445,0.08638684209709599,2.64
1.169946430117445,0.11121391039132836,2.17
1.169946430117445,0.13557938463830435,2.43
1.169946430117445,0.15950253728775815,2.65
1.169946430117445,0.1830014103175806,2.54
1.169946430117445,0.20609291975843996,2.32
1.169946430117445,0.2287929492308504,2.1
1.169946430117445,0.2511164338617944,2.57
1.169946430117445,0.2730774357526321,2.49
1.169946430117445,0.29468921200603754,2.46
1.169946430117445,0.3159642761815078,2.96
1.169946430117445,0.3369144539321443,2.66
1.169946430117445,0.3575509334761915,2.13
1.169946430117445,0.3778843114723592,2.52
1.169946430117445,0.3979246347957856,3.08
1.169946430117445,0.41768143864960566,2.64
1.169946430117445,0.437163781393963,2.48
1.169946430117445,0.45638027642838047,2.58
1.169946430117445,0.4753391214238404,2.3
1.169946430117445,0.4940481251664976,2.41
1.169946430117445,0.5125147322451269,2.38
1.169946430117445,0.5307460457883441,2.48
1.169946430117445,0.5665296217008319,2.33
1.169946430117445,0.5840945638883439,2.61
1.169946430117445,0.6186004304557555,2.26
1.169946430117445,0.6355524786722138,2.1
1.169946430117445,0.6523109710098142,2.54
1.169946430117445,0.6688809157617327,2.66
1.169946430117445,0.6852671213083008,2.52
1.169946430117445,0.7014742068241603,2.31
1.169946430117445,0.7175066122699557,2.36
1.169946430117445,0.7333686077256167,2.63
1.169946430117445,0.7490643021169818,2.49
1.169946430117445,0.7645976513828384,3.03
1.169946430117445,0.795192418781857,3.17
1.169946430117445,0.810261050356838,2.3
1.169946430117445,0.8251817767412929,2.26
1.169946430117445,0.8399578946546022,2.47
1.169946430117445,0.854592587232954,2.4
1.169946430117445,0.8690889292903738,2.39
1.169946430117445,0.8834498922751791,2.57
1.169946430117445,0.8976783489428971,2.51
1.169946430117445,0.9117770777650576,2.34
1.169946430117445,0.9257487670917043,2.47
1.169946430117445,0.9395960190840656,2.43
1.169946430117445,0.9533213534325731,2.53
1.169946430117445,0.9669272108742331,2.97
1.169946430117445,0.9804159565223062,3.08
1.169946430117445,0.9937898830202718,2.56
1.169946430117445,1.007051213531184,2.08
1.169946430117445,1.0202021045726761,2.38
1.169946430117445,1.033244648707185,2.62
1.169946430117445,1.059012761926854,2.35
1.169946430117445,1.0717422187182857,2.51
1.169946430117445,1.084371108515233,2.46
1.169946430117445,1.096901239975142,2.44
1.169946430117445,1.1093343713551664,2.73
1.169946430117445,2.4063878353189194,2.21
1.169946430117445,2.436255411060904,2.22
1.169946430117445,2.465685138019135,2.26
1.169946430117445,2.494691502380187,2.39
1.169946430117445,2.5232882539257226,2.75
1.169946430117445,2.5793045316625136,2.44
1.169946430117445,2.606748305012136,2.28
1.169946430117445,2.633831040454242,2.2
1.169946430117445,2.647240394741258,2.21
1.169946430117445,2.6605634778468077,2.7
1.169946430117445,2.686955865258497,2.57
1.169946430117445,2.7130179891221493,2.41
1.169946430117445,2.738759202086317,2.46
1.169946430117445,2.7641884487741337,2.19
1.169946430117445,2.7893142896367173,2.51
1.169946430117445,2.8141449230690605,2.69
1.169946430117445,2.8386882059391865,2.53
1.169946430117445,2.858121013334808,2.04
1.169946430117445,2.8629516726662483,2.37
1.169946430117445,2.8701772370601555,3.27
1.169946430117445,2.874980745705933,3.31
1.169946430117445,2.8869425529698276,2.26
1.169946430117445,2.910667788400792,2.5
1.169946430117445,2.934134047753452,2.53
1.169946430117445,2.9573477414493046,2.21
1.169946430117445,2.9803150349742626,2.44
1.169946430117445,2.991708144521378,2.59
1.169946430117445,3.003041861443656,2.54
1.169946430117445,3.0255339333625932,2.57
1.169946430117445,3.047796753643197,2.33
1.169946430117445,3.069835625934753,2.29
1.169946430117445,3.080772686887077,2.29
1.169946430117445,3.113261802410004,2.21
1.169946430117445,3.134658801923281,2.75
1.169946430117445,3.155851260716848,2.63
1.169946430117445,3.17684362037662,2.32
1.169946430117445,3.1976401733572026,2.37
1.169946430117445,3.218245069715698,2.47
1.117119636345822,-2.4041020414735232,2.38
1.117119636345822,-2.082276702982297,2.25
1.117119636345822,-1.86874298697019,2.43
1.117119636345822,-1.704660426620146,2.36
1.117119636345822,-1.5696752228679625,2.29
1.117119636345822,-1.454108971920245,2.57
1.117119636345822,-1.352535328459298,2.34
1.117119636345822,-1.2615814172353588,2.39
1.117119636345822,-1.1789959480865158,2.32
1.117119636345822,-1.1031954733446314,2.35
1.117119636345822,-1.0330205937810208,2.29
1.117119636345822,-0.9675949095089756,2.32
1.117119636345822,-0.9062385567533586,2.21
1.117119636345822,-0.8484126810366042,2.25
1.2748375125815907,-2.4041020414735232,3.24
1.2748375125815907,-2.082276702982297,2.34
1.2748375125815907,-1.86874298697019,2.72
1.2748375125815907,-1.704660426620146,2.7
1.2748375125815907,-1.5696752228679625,2.27
1.2748375125815907,-1.454108971920245,2.71
1.2748375125815907,-1.352535328459298,2.31
1.2748375125815907,-1.2615814172353588,2.54
1.2748375125815907,-1.1789959480865158,2.76
1.2748375125815907,-1.1031954733446314,2.39
1.2748375125815907,-1.0330205937810208,3.4
1.2748375125815907,-0.9675949095089756,2.3
1.2748375125815907,-0.9062385567533586,3.0
1.2748375125815907,-0.8484126810366042,2.51
1.2748375125815907,-0.7936823851984369,2.33
1.2748375125815907,-0.7416911983902218,2.18
1.2748375125815907,-0.6921429962693284,2.45
1.2748375125815907,-0.6447888926618692,2.54
1.2748375125815907,-0.5994175387152672,2.34
1.2748375125815907,-0.5558478131536311,2.62
1.2748375125815907,-0.5139232255614766,2.52
1.2748375125815907,-0.4735075697184635,2.34
1.2748375125815907,-0.4344815042830214,2.58
1.2748375125815907,-0.3967398316991988,2.42
1.2748375125815907,-0.36018930990811704,2.24
1.2748375125815907,-0.3247468756213473,2.38
1.2748375125815907,-0.290338189061288,2.65
1.2748375125815907,-0.2568964323718745,2.04
1.2748375125815907,-0.2243613100898303,2.56
1.2748375125815907,-0.19267821196853815,2.49
1.2748375125815907,-0.1617975073017256,2.68
1.2748375125815907,-0.13167394655485581,2.45
1.2748375125815907,-0.10226615117333404,2.44
1.2748375125815907,-0.07353617631883969,2.52
1.2748375125815907,-0.045449134289415924,2.31
1.2748375125815907,-0.017972868723021947,2.5
1.2748375125815907,0.008922328472556626,2.53
1.2748375125815907,0.035263964060709425,2.31
1.2748375125815907,0.061077559721026665,3.05
1.3787509570931697,-2.4041020414735232,2.47
1.3787509570931697,-2.082276702982297,2.29
1.3787509570931697,-1.86874298697019,2.35
1.3787509570931697,-1.704660426620146,2.16
1.3787509570931697,-1.5696752228679625,2.46
1.3787509570931697,-1.454108971920245,2.29
1.3787509570931697,-1.352535328459298,2.08
1.3787509570931697,-1.2615814172353588,2.66
1.3787509570931697,-1.1789959480865158,2.44
1.3787509570931697,-1.1031954733446314,2.65
1.3787509570931697,-1.0330205937810208,2.44
1.3787509570931697,-0.9675949095089756,2.38
1.3787509570931697,-0.9062385567533586,2.35
1.3787509570931697,-0.8484126810366042,2.51
1.3787509570931697,-0.7936823851984369,2.11
1.3787509570931697,-0.7416911983902218,2.28
1.3787509570931697,-0.6921429962693284,2.48
1.3787509570931697,-0.6447888926618692,2.43
1.3787509570931697,-0.5994175387152672,2.32
1.3787509570931697,-0.5558478131536311,2.4
1.3787509570931697,-0.5139232255614766,2.33
1.3787509570931697,-0.4735075697184635,2.44
1.3787509570931697,-0.4344815042830214,2.47
1.3787509570931697,-0.3967398316991988,2.36
1.3787509570931697,-0.36018930990811704,2.43
1.3787509570931697,-0.3247468756213473,1.99
1.3787509570931697,-0.290338189061288,2.42
1.3787509570931697,-0.2568964323718745,2.49
1.3787509570931697,-0.2243613100898303,2.48
1.3787509570931697,-0.19267821196853815,2.62
1.3787509570931697,-0.1617975073017256,2.49
1.3787509570931697,-0.13167394655485581,2.41
1.3787509570931697,-0.10226615117333404,2.51
1.3787509570931697,-0.07353617631883969,2.21
1.3787509570931697,-0.045449134289415924,2.22
1.3787509570931697,-0.017972868723021947,2.34
1.3787509570931697,0.008922328472556626,2.48
1.3787509570931697,0.035263964060709425,2.2
1.3787509570931697,0.061077559721026665,2.36
1.3787509570931697,0.07379382255130507,3.48
1.3787509570931697,0.08638684209709599,2.44
1.3787509570931697,0.11121391039132836,2.49
1.3787509570931697,0.13557938463830435,2.4
1.3787509570931697,0.15950253728775815,2.33
1.3787509570931697,0.1830014103175806,2.51
1.3787509570931697,0.20609291975843996,2.5
1.3787509570931697,0.2287929492308504,2.45
1.3787509570931697,0.2511164338617944,2.51
1.3787509570931697,0.2730774357526321,2.39
1.3787509570931697,0.29468921200603754,2.41
1.3787509570931697,0.3159642761815078,2.03
1.3787509570931697,0.3369144539321443,2.53
1.3787509570931697,0.3575509334761915,2.29
1.3787509570931697,0.3778843114723592,2.47
1.3787509570931697,0.3979246347957856,2.27
1.3787509570931697,0.41768143864960566,2.63
1.3787509570931697,0.437163781393963,2.45
1.3787509570931697,0.45638027642838047,2.19
1.3787509570931697,0.4753391214238404,2.41
1.3787509570931697,0.4940481251664976,2.4
1.3787509570931697,0.5125147322451269,2.32
1.3787509570931697,0.5307460457883441,2.45
1.3787509570931697,0.5487488484349535,2.54
1.3787509570931697,0.5665296217008319,1.99
1.3787509570931697,0.5840945638883439,2.53
1.3787509570931697,0.6014496066689001,2.16
1.3787509570931697,0.6186004304557555,2.49
1.3787509570931697,0.6355524786722138,2.51
1.3787509570931697,0.6523109710098142,2.35
1.3787509570931697,0.6688809157617327,2.39
1.3787509570931697,0.6852671213083008,2.33
1.3787509570931697,0.7014742068241603,2.3
1.3269136332176525,-2.4041020414735232,2.68
1.3269136332176525,-2.082276702982297,2.63
1.3269136332176525,-1.86874298697019,2.5
1.3269136332176525,-1.704660426620146,2.51
1.3269136332176525,-1.5696752228679625,2.26
1.3269136332176525,-1.454108971920245,2.32
1.3269136332176525,-1.352535328459298,2.44
1.3269136332176525,-1.2615814172353588,2.62
1.3269136332176525,-1.1789959480865158,2.85
1.3269136332176525,-1.1031954733446314,2.47
1.3269136332176525,-1.0330205937810208,2.4
1.3269136332176525,-0.9675949095089756,2.8
1.3269136332176525,-0.9062385567533586,2.28
1.3269136332176525,-0.8484126810366042,2.25
1.3269136332176525,-0.7936823851984369,2.32
1.3269136332176525,-0.7416911983902218,2.69
1.3269136332176525,-0.6921429962693284,2.48
1.3269136332176525,-0.6447888926618692,2.62
1.3269136332176525,-0.5994175387152672,2.65
1.3269136332176525,-0.5558478131536311,2.28
1.3269136332176525,-0.5139232255614766,2.48
1.3269136332176525,-0.4735075697184635,2.69
1.3269136332176525,-0.4344815042830214,2.5
1.3269136332176525,-0.3967398316991988,2.39
1.3269136332176525,-0.36018930990811704,2.47
1.3269136332176525,-0.3247468756213473,2.36
1.3269136332176525,-0.290338189061288,2.44
1.3269136332176525,-0.2568964323718745,2.39
1.3269136332176525,-0.2243613100898303,2.4
1.3269136332176525,-0.19267821196853815,2.38
1.3269136332176525,-0.1617975073017256,2.56
1.3269136332176525,-0.13167394655485581,2.3
1.3269136332176525,-0.10226615117333404,2.36
1.3269136332176525,-0.07353617631883969,2.39
1.3269136332176525,-0.045449134289415924,2.24
1.3269136332176525,-0.017972868723021947,2.35
1.3269136332176525,0.008922328472556626,2.43
1.3269136332176525,0.035263964060709425,2.24
1.3269136332176525,0.061077559721026665,2.52
1.3269136332176525,0.08638684209709599,2.6
1.3269136332176525,0.11121391039132836,2.4
1.3269136332176525,0.13557938463830435,2.35
1.3269136332176525,0.15950253728775815,2.56
1.3269136332176525,0.1830014103175806,2.48
1.3269136332176525,0.20609291975843996,2.22
1.3269136332176525,0.2287929492308504,2.45
1.3269136332176525,0.2511164338617944,2.26
1.3269136332176525,0.2730774357526321,2.48
1.3269136332176525,0.29468921200603754,2.57
1.3269136332176525,0.3159642761815078,2.47
1.3269136332176525,0.3369144539321443,2.28
1.3269136332176525,0.3575509334761915,2.46
1.3269136332176525,0.3778843114723592,2.4
1.3269136332176525,0.3979246347957856,2.37
1.3269136332176525,0.41768143864960566,2.48
1.4303548148312675,-2.4041020414735232,2.26
1.4303548148312675,-2.082276702982297,2.59
1.4303548148312675,-1.86874298697019,2.71
1.4303548148312675,-1.704660426620146,2.44
1.4303548148312675,-1.5696752228679625,2.47
1.4303548148312675,-1.454108971920245,2.43
1.4303548148312675,-1.352535328459298,2.61
1.4303548148312675,-1.2615814172353588,2.35
1.4303548148312675,-1.1789959480865158,2.15
1.4303548148312675,-1.1031954733446314,2.34
1.4303548148312675,-1.0330205937810208,2.51
1.4303548148312675,-0.9675949095089756,2.68
1.4303548148312675,-0.9062385567533586,2.44
1.4303548148312675,-0.8484126810366042,2.15
1.4303548148312675,-0.7936823851984369,2.38
1.4303548148312675,-0.7416911983902218,2.3
1.4303548148312675,-0.6921429962693284,2.28
1.4303548148312675,-0.6447888926618692,2.74
1.4303548148312675,-0.5994175387152672,2.64
1.4303548148312675,-0.5558478131536311,2.63
1.4303548148312675,-0.5139232255614766,2.76
1.4303548148312675,-0.4735075697184635,2.34
1.4303548148312675,-0.4344815042830214,2.27
